disctrict_code,district,station_id
11110,종로구,ST-117
11110,종로구,ST-118
11110,종로구,ST-119
11110,종로구,ST-120
11110,종로구,ST-121
11110,종로구,ST-122
11110,종로구,ST-123
11110,종로구,ST-124
11110,종로구,ST-125
11110,종로구,ST-130
11110,종로구,ST-131
11110,종로구,ST-132
11110,종로구,ST-133
11110,종로구,ST-1372
11110,종로구,ST-1373
11110,종로구,ST-1374
11110,종로구,ST-141
11110,종로구,ST-142
11110,종로구,ST-143
11110,종로구,ST-1431
11110,종로구,ST-1432
11110,종로구,ST-144
11110,종로구,ST-145
11110,종로구,ST-149
11110,종로구,ST-150
11110,종로구,ST-151
11110,종로구,ST-153
11110,종로구,ST-154
11110,종로구,ST-155
11110,종로구,ST-156
11110,종로구,ST-157
11110,종로구,ST-158
11110,종로구,ST-159
11110,종로구,ST-160
11110,종로구,ST-1605
11110,종로구,ST-1606
11110,종로구,ST-1607
11110,종로구,ST-1608
11110,종로구,ST-1609
11110,종로구,ST-161
11110,종로구,ST-1610
11110,종로구,ST-1611
11110,종로구,ST-1612
11110,종로구,ST-1613
11110,종로구,ST-1619
11110,종로구,ST-165
11110,종로구,ST-167
11110,종로구,ST-168
11110,종로구,ST-169
11110,종로구,ST-170
11110,종로구,ST-171
11110,종로구,ST-172
11110,종로구,ST-173
11110,종로구,ST-174
11110,종로구,ST-175
11110,종로구,ST-1752
11110,종로구,ST-1755
11110,종로구,ST-1756
11110,종로구,ST-1759
11110,종로구,ST-176
11110,종로구,ST-177
11110,종로구,ST-178
11110,종로구,ST-179
11110,종로구,ST-1798
11110,종로구,ST-1799
11110,종로구,ST-180
11110,종로구,ST-1800
11110,종로구,ST-1801
11110,종로구,ST-1802
11110,종로구,ST-1803
11110,종로구,ST-1804
11110,종로구,ST-1805
11110,종로구,ST-1806
11110,종로구,ST-1807
11110,종로구,ST-1808
11110,종로구,ST-1809
11110,종로구,ST-181
11110,종로구,ST-1810
11110,종로구,ST-1811
11110,종로구,ST-1812
11110,종로구,ST-1813
11110,종로구,ST-1814
11110,종로구,ST-1815
11110,종로구,ST-1816
11110,종로구,ST-1817
11110,종로구,ST-1818
11110,종로구,ST-1819
11110,종로구,ST-182
11110,종로구,ST-1820
11110,종로구,ST-1821
11110,종로구,ST-1822
11110,종로구,ST-1823
11110,종로구,ST-1824
11110,종로구,ST-1825
11110,종로구,ST-1826
11110,종로구,ST-1827
11110,종로구,ST-1828
11110,종로구,ST-1829
11110,종로구,ST-183
11110,종로구,ST-2019
11110,종로구,ST-2423
11110,종로구,ST-2427
11110,종로구,ST-2472
11110,종로구,ST-2473
11110,종로구,ST-2511
11110,종로구,ST-2512
11110,종로구,ST-2513
11110,종로구,ST-2565
11110,종로구,ST-2622
11110,종로구,ST-2623
11110,종로구,ST-2923
11110,종로구,ST-3075
11110,종로구,ST-3090
11110,종로구,ST-3354
11110,종로구,ST-336
11110,종로구,ST-337
11110,종로구,ST-444
11110,종로구,ST-938
11110,종로구,ST-939
11110,종로구,ST-940
11110,종로구,ST-941
11110,종로구,ST-978
11110,종로구,ST-979
11140,중구,ST-116
11140,중구,ST-126
11140,중구,ST-128
11140,중구,ST-129
11140,중구,ST-134
11140,중구,ST-135
11140,중구,ST-136
11140,중구,ST-137
11140,중구,ST-138
11140,중구,ST-139
11140,중구,ST-140
11140,중구,ST-1435
11140,중구,ST-1436
11140,중구,ST-1437
11140,중구,ST-1438
11140,중구,ST-1439
11140,중구,ST-1440
11140,중구,ST-146
11140,중구,ST-147
11140,중구,ST-148
11140,중구,ST-152
11140,중구,ST-162
11140,중구,ST-163
11140,중구,ST-1668
11140,중구,ST-1669
11140,중구,ST-1670
11140,중구,ST-1761
11140,중구,ST-1768
11140,중구,ST-1769
11140,중구,ST-1770
11140,중구,ST-1771
11140,중구,ST-1772
11140,중구,ST-1773
11140,중구,ST-1774
11140,중구,ST-1775
11140,중구,ST-1776
11140,중구,ST-1777
11140,중구,ST-1778
11140,중구,ST-1779
11140,중구,ST-1780
11140,중구,ST-1781
11140,중구,ST-1782
11140,중구,ST-1783
11140,중구,ST-1784
11140,중구,ST-1785
11140,중구,ST-1786
11140,중구,ST-1787
11140,중구,ST-1788
11140,중구,ST-1789
11140,중구,ST-1790
11140,중구,ST-1791
11140,중구,ST-184
11140,중구,ST-185
11140,중구,ST-186
11140,중구,ST-187
11140,중구,ST-188
11140,중구,ST-189
11140,중구,ST-190
11140,중구,ST-191
11140,중구,ST-192
11140,중구,ST-193
11140,중구,ST-194
11140,중구,ST-195
11140,중구,ST-196
11140,중구,ST-197
11140,중구,ST-198
11140,중구,ST-199
11140,중구,ST-2138
11140,중구,ST-2422
11140,중구,ST-2430
11140,중구,ST-2431
11140,중구,ST-2432
11140,중구,ST-2433
11140,중구,ST-2434
11140,중구,ST-2514
11140,중구,ST-2515
11140,중구,ST-2516
11140,중구,ST-2517
11140,중구,ST-2518
11140,중구,ST-2519
11140,중구,ST-2520
11140,중구,ST-2521
11140,중구,ST-2522
11140,중구,ST-2523
11140,중구,ST-2524
11140,중구,ST-2525
11140,중구,ST-2526
11140,중구,ST-2527
11140,중구,ST-2566
11140,중구,ST-2624
11140,중구,ST-2625
11140,중구,ST-2626
11140,중구,ST-2693
11140,중구,ST-2786
11140,중구,ST-2805
11140,중구,ST-2845
11140,중구,ST-2903
11140,중구,ST-3052
11140,중구,ST-3053
11140,중구,ST-3161
11140,중구,ST-3210
11140,중구,ST-3255
11140,중구,ST-3291
11140,중구,ST-3297
11140,중구,ST-3305
11140,중구,ST-3342
11140,중구,ST-338
11140,중구,ST-943
11140,중구,ST-944
11140,중구,ST-945
11140,중구,ST-946
11140,중구,ST-977
11170,용산구,ST-1324
11170,용산구,ST-1325
11170,용산구,ST-1326
11170,용산구,ST-1327
11170,용산구,ST-1328
11170,용산구,ST-1339
11170,용산구,ST-1340
11170,용산구,ST-1341
11170,용산구,ST-1342
11170,용산구,ST-1343
11170,용산구,ST-1344
11170,용산구,ST-1376
11170,용산구,ST-1441
11170,용산구,ST-1442
11170,용산구,ST-1443
11170,용산구,ST-1444
11170,용산구,ST-1445
11170,용산구,ST-1446
11170,용산구,ST-1615
11170,용산구,ST-1721
11170,용산구,ST-2171
11170,용산구,ST-2172
11170,용산구,ST-2173
11170,용산구,ST-2174
11170,용산구,ST-2175
11170,용산구,ST-2176
11170,용산구,ST-2177
11170,용산구,ST-2178
11170,용산구,ST-2179
11170,용산구,ST-2180
11170,용산구,ST-2181
11170,용산구,ST-2182
11170,용산구,ST-2183
11170,용산구,ST-2184
11170,용산구,ST-2185
11170,용산구,ST-2186
11170,용산구,ST-2187
11170,용산구,ST-2188
11170,용산구,ST-2189
11170,용산구,ST-2190
11170,용산구,ST-2191
11170,용산구,ST-2192
11170,용산구,ST-2239
11170,용산구,ST-2240
11170,용산구,ST-2436
11170,용산구,ST-2437
11170,용산구,ST-2438
11170,용산구,ST-2439
11170,용산구,ST-2440
11170,용산구,ST-2441
11170,용산구,ST-2442
11170,용산구,ST-2443
11170,용산구,ST-2444
11170,용산구,ST-2445
11170,용산구,ST-2446
11170,용산구,ST-2447
11170,용산구,ST-2448
11170,용산구,ST-2449
11170,용산구,ST-2450
11170,용산구,ST-2451
11170,용산구,ST-2452
11170,용산구,ST-2453
11170,용산구,ST-2454
11170,용산구,ST-2455
11170,용산구,ST-2456
11170,용산구,ST-2469
11170,용산구,ST-2866
11170,용산구,ST-2880
11170,용산구,ST-2924
11170,용산구,ST-3054
11170,용산구,ST-3056
11170,용산구,ST-3080
11170,용산구,ST-3081
11170,용산구,ST-3082
11170,용산구,ST-3083
11170,용산구,ST-3135
11170,용산구,ST-3138
11170,용산구,ST-3159
11170,용산구,ST-322
11170,용산구,ST-323
11170,용산구,ST-324
11170,용산구,ST-3249
11170,용산구,ST-325
11170,용산구,ST-326
11170,용산구,ST-327
11170,용산구,ST-328
11170,용산구,ST-329
11170,용산구,ST-330
11170,용산구,ST-331
11170,용산구,ST-332
11170,용산구,ST-333
11170,용산구,ST-334
11170,용산구,ST-335
11170,용산구,ST-434
11170,용산구,ST-435
11170,용산구,ST-436
11170,용산구,ST-437
11170,용산구,ST-438
11170,용산구,ST-439
11170,용산구,ST-440
11170,용산구,ST-441
11170,용산구,ST-442
11200,성동구,ST-103
11200,성동구,ST-104
11200,성동구,ST-105
11200,성동구,ST-106
11200,성동구,ST-107
11200,성동구,ST-108
11200,성동구,ST-109
11200,성동구,ST-111
11200,성동구,ST-112
11200,성동구,ST-115
11200,성동구,ST-1195
11200,성동구,ST-1197
11200,성동구,ST-1198
11200,성동구,ST-1199
11200,성동구,ST-1336
11200,성동구,ST-1377
11200,성동구,ST-1599
11200,성동구,ST-1600
11200,성동구,ST-1601
11200,성동구,ST-1616
11200,성동구,ST-1617
11200,성동구,ST-1618
11200,성동구,ST-1659
11200,성동구,ST-1737
11200,성동구,ST-1738
11200,성동구,ST-1747
11200,성동구,ST-1749
11200,성동구,ST-2326
11200,성동구,ST-2327
11200,성동구,ST-2328
11200,성동구,ST-2329
11200,성동구,ST-2330
11200,성동구,ST-2331
11200,성동구,ST-2332
11200,성동구,ST-2333
11200,성동구,ST-2334
11200,성동구,ST-2335
11200,성동구,ST-2336
11200,성동구,ST-2337
11200,성동구,ST-2338
11200,성동구,ST-2339
11200,성동구,ST-234
11200,성동구,ST-2340
11200,성동구,ST-2341
11200,성동구,ST-2342
11200,성동구,ST-2343
11200,성동구,ST-2344
11200,성동구,ST-235
11200,성동구,ST-236
11200,성동구,ST-237
11200,성동구,ST-238
11200,성동구,ST-239
11200,성동구,ST-240
11200,성동구,ST-241
11200,성동구,ST-242
11200,성동구,ST-2420
11200,성동구,ST-2421
11200,성동구,ST-243
11200,성동구,ST-244
11200,성동구,ST-245
11200,성동구,ST-246
11200,성동구,ST-2466
11200,성동구,ST-2467
11200,성동구,ST-2468
11200,성동구,ST-247
11200,성동구,ST-248
11200,성동구,ST-249
11200,성동구,ST-250
11200,성동구,ST-251
11200,성동구,ST-2787
11200,성동구,ST-2834
11200,성동구,ST-2856
11200,성동구,ST-2863
11200,성동구,ST-2864
11200,성동구,ST-3002
11200,성동구,ST-3003
11200,성동구,ST-3042
11200,성동구,ST-3043
11200,성동구,ST-3044
11200,성동구,ST-3099
11200,성동구,ST-3120
11200,성동구,ST-3121
11200,성동구,ST-3136
11200,성동구,ST-3205
11200,성동구,ST-3228
11200,성동구,ST-3265
11200,성동구,ST-3267
11200,성동구,ST-3277
11200,성동구,ST-3320
11200,성동구,ST-3325
11200,성동구,ST-3326
11200,성동구,ST-355
11200,성동구,ST-356
11200,성동구,ST-357
11200,성동구,ST-358
11200,성동구,ST-359
11200,성동구,ST-360
11200,성동구,ST-361
11200,성동구,ST-362
11200,성동구,ST-363
11200,성동구,ST-364
11200,성동구,ST-365
11200,성동구,ST-366
11200,성동구,ST-367
11200,성동구,ST-368
11200,성동구,ST-370
11200,성동구,ST-371
11200,성동구,ST-372
11200,성동구,ST-373
11200,성동구,ST-374
11200,성동구,ST-375
11200,성동구,ST-376
11200,성동구,ST-446
11200,성동구,ST-447
11200,성동구,ST-48
11200,성동구,ST-482
11200,성동구,ST-506
11200,성동구,ST-967
11215,광진구,ST-100
11215,광진구,ST-101
11215,광진구,ST-102
11215,광진구,ST-113
11215,광진구,ST-114
11215,광진구,ST-1191
11215,광진구,ST-1192
11215,광진구,ST-1193
11215,광진구,ST-1194
11215,광진구,ST-1263
11215,광진구,ST-1266
11215,광진구,ST-1271
11215,광진구,ST-1378
11215,광진구,ST-1379
11215,광진구,ST-1427
11215,광진구,ST-1428
11215,광진구,ST-1429
11215,광진구,ST-1602
11215,광진구,ST-1603
11215,광진구,ST-1660
11215,광진구,ST-1661
11215,광진구,ST-1662
11215,광진구,ST-1663
11215,광진구,ST-1664
11215,광진구,ST-1690
11215,광진구,ST-1722
11215,광진구,ST-1760
11215,광진구,ST-2302
11215,광진구,ST-2303
11215,광진구,ST-2304
11215,광진구,ST-2305
11215,광진구,ST-2306
11215,광진구,ST-2307
11215,광진구,ST-2308
11215,광진구,ST-2310
11215,광진구,ST-2311
11215,광진구,ST-2312
11215,광진구,ST-2313
11215,광진구,ST-2314
11215,광진구,ST-2315
11215,광진구,ST-2316
11215,광진구,ST-2317
11215,광진구,ST-2318
11215,광진구,ST-2319
11215,광진구,ST-2320
11215,광진구,ST-2321
11215,광진구,ST-2322
11215,광진구,ST-2323
11215,광진구,ST-2324
11215,광진구,ST-2325
11215,광진구,ST-2407
11215,광진구,ST-2408
11215,광진구,ST-252
11215,광진구,ST-253
11215,광진구,ST-254
11215,광진구,ST-2541
11215,광진구,ST-2542
11215,광진구,ST-2543
11215,광진구,ST-2544
11215,광진구,ST-2545
11215,광진구,ST-2546
11215,광진구,ST-2547
11215,광진구,ST-2548
11215,광진구,ST-255
11215,광진구,ST-256
11215,광진구,ST-257
11215,광진구,ST-258
11215,광진구,ST-259
11215,광진구,ST-2830
11215,광진구,ST-2843
11215,광진구,ST-2865
11215,광진구,ST-2891
11215,광진구,ST-3012
11215,광진구,ST-3186
11215,광진구,ST-3188
11215,광진구,ST-3309
11215,광진구,ST-3339
11215,광진구,ST-3340
11215,광진구,ST-3351
11215,광진구,ST-377
11215,광진구,ST-378
11215,광진구,ST-379
11215,광진구,ST-381
11215,광진구,ST-382
11215,광진구,ST-383
11215,광진구,ST-384
11215,광진구,ST-385
11215,광진구,ST-386
11215,광진구,ST-387
11215,광진구,ST-388
11215,광진구,ST-445
11215,광진구,ST-483
11215,광진구,ST-97
11215,광진구,ST-972
11215,광진구,ST-973
11215,광진구,ST-974
11215,광진구,ST-98
11215,광진구,ST-980
11215,광진구,ST-983
11215,광진구,ST-984
11215,광진구,ST-985
11215,광진구,ST-986
11215,광진구,ST-987
11215,광진구,ST-988
11215,광진구,ST-99
11230,동대문구,ST-1298
11230,동대문구,ST-1299
11230,동대문구,ST-1300
11230,동대문구,ST-1301
11230,동대문구,ST-1302
11230,동대문구,ST-1303
11230,동대문구,ST-1447
11230,동대문구,ST-1448
11230,동대문구,ST-1449
11230,동대문구,ST-1450
11230,동대문구,ST-1624
11230,동대문구,ST-1625
11230,동대문구,ST-1628
11230,동대문구,ST-1629
11230,동대문구,ST-1630
11230,동대문구,ST-1631
11230,동대문구,ST-1632
11230,동대문구,ST-1671
11230,동대문구,ST-1758
11230,동대문구,ST-2265
11230,동대문구,ST-2266
11230,동대문구,ST-2267
11230,동대문구,ST-2268
11230,동대문구,ST-2269
11230,동대문구,ST-2270
11230,동대문구,ST-2271
11230,동대문구,ST-2272
11230,동대문구,ST-2273
11230,동대문구,ST-2275
11230,동대문구,ST-2276
11230,동대문구,ST-2277
11230,동대문구,ST-2278
11230,동대문구,ST-2279
11230,동대문구,ST-2280
11230,동대문구,ST-2281
11230,동대문구,ST-2418
11230,동대문구,ST-2496
11230,동대문구,ST-2497
11230,동대문구,ST-2498
11230,동대문구,ST-2499
11230,동대문구,ST-2500
11230,동대문구,ST-2501
11230,동대문구,ST-2502
11230,동대문구,ST-2503
11230,동대문구,ST-2504
11230,동대문구,ST-2505
11230,동대문구,ST-2506
11230,동대문구,ST-2507
11230,동대문구,ST-2508
11230,동대문구,ST-2509
11230,동대문구,ST-2560
11230,동대문구,ST-260
11230,동대문구,ST-261
11230,동대문구,ST-262
11230,동대문구,ST-263
11230,동대문구,ST-264
11230,동대문구,ST-265
11230,동대문구,ST-266
11230,동대문구,ST-267
11230,동대문구,ST-268
11230,동대문구,ST-269
11230,동대문구,ST-270
11230,동대문구,ST-271
11230,동대문구,ST-272
11230,동대문구,ST-273
11230,동대문구,ST-274
11230,동대문구,ST-275
11230,동대문구,ST-276
11230,동대문구,ST-2933
11230,동대문구,ST-3155
11230,동대문구,ST-3165
11230,동대문구,ST-3173
11230,동대문구,ST-3198
11230,동대문구,ST-3206
11230,동대문구,ST-3258
11230,동대문구,ST-3286
11230,동대문구,ST-3316
11230,동대문구,ST-3317
11230,동대문구,ST-3328
11230,동대문구,ST-3333
11230,동대문구,ST-3334
11230,동대문구,ST-3353
11230,동대문구,ST-3356
11230,동대문구,ST-3362
11230,동대문구,ST-3363
11230,동대문구,ST-369
11230,동대문구,ST-389
11230,동대문구,ST-390
11230,동대문구,ST-391
11230,동대문구,ST-392
11230,동대문구,ST-393
11230,동대문구,ST-394
11230,동대문구,ST-395
11230,동대문구,ST-396
11230,동대문구,ST-397
11230,동대문구,ST-398
11230,동대문구,ST-399
11230,동대문구,ST-400
11230,동대문구,ST-401
11230,동대문구,ST-402
11230,동대문구,ST-403
11230,동대문구,ST-404
11230,동대문구,ST-405
11230,동대문구,ST-406
11230,동대문구,ST-407
11230,동대문구,ST-408
11230,동대문구,ST-409
11230,동대문구,ST-410
11230,동대문구,ST-411
11230,동대문구,ST-412
11260,중랑구,ST-1093
11260,중랑구,ST-1094
11260,중랑구,ST-1095
11260,중랑구,ST-1096
11260,중랑구,ST-1097
11260,중랑구,ST-1098
11260,중랑구,ST-1099
11260,중랑구,ST-1123
11260,중랑구,ST-1332
11260,중랑구,ST-1333
11260,중랑구,ST-1334
11260,중랑구,ST-1335
11260,중랑구,ST-1345
11260,중랑구,ST-1346
11260,중랑구,ST-1375
11260,중랑구,ST-1380
11260,중랑구,ST-1381
11260,중랑구,ST-1451
11260,중랑구,ST-1452
11260,중랑구,ST-1453
11260,중랑구,ST-2282
11260,중랑구,ST-2283
11260,중랑구,ST-2284
11260,중랑구,ST-2285
11260,중랑구,ST-2286
11260,중랑구,ST-2287
11260,중랑구,ST-2288
11260,중랑구,ST-2289
11260,중랑구,ST-2290
11260,중랑구,ST-2291
11260,중랑구,ST-2292
11260,중랑구,ST-2293
11260,중랑구,ST-2294
11260,중랑구,ST-2295
11260,중랑구,ST-2296
11260,중랑구,ST-2297
11260,중랑구,ST-2298
11260,중랑구,ST-2299
11260,중랑구,ST-2300
11260,중랑구,ST-2301
11260,중랑구,ST-2628
11260,중랑구,ST-2629
11260,중랑구,ST-2630
11260,중랑구,ST-2631
11260,중랑구,ST-2632
11260,중랑구,ST-2633
11260,중랑구,ST-2634
11260,중랑구,ST-2635
11260,중랑구,ST-2636
11260,중랑구,ST-2846
11260,중랑구,ST-2860
11260,중랑구,ST-2881
11260,중랑구,ST-2904
11260,중랑구,ST-2906
11260,중랑구,ST-2921
11260,중랑구,ST-2922
11260,중랑구,ST-2942
11260,중랑구,ST-2952
11260,중랑구,ST-2953
11260,중랑구,ST-2969
11260,중랑구,ST-3006
11260,중랑구,ST-3007
11260,중랑구,ST-3023
11260,중랑구,ST-3024
11260,중랑구,ST-3025
11260,중랑구,ST-3035
11260,중랑구,ST-3036
11260,중랑구,ST-3168
11260,중랑구,ST-3233
11260,중랑구,ST-3253
11260,중랑구,ST-3275
11260,중랑구,ST-3345
11260,중랑구,ST-3346
11260,중랑구,ST-558
11260,중랑구,ST-561
11260,중랑구,ST-566
11260,중랑구,ST-568
11260,중랑구,ST-569
11260,중랑구,ST-570
11260,중랑구,ST-573
11260,중랑구,ST-575
11260,중랑구,ST-577
11260,중랑구,ST-581
11260,중랑구,ST-583
11260,중랑구,ST-584
11260,중랑구,ST-585
11260,중랑구,ST-586
11260,중랑구,ST-587
11260,중랑구,ST-588
11260,중랑구,ST-589
11260,중랑구,ST-590
11260,중랑구,ST-591
11260,중랑구,ST-592
11260,중랑구,ST-593
11260,중랑구,ST-594
11260,중랑구,ST-595
11260,중랑구,ST-596
11260,중랑구,ST-599
11260,중랑구,ST-847
11260,중랑구,ST-848
11260,중랑구,ST-849
11260,중랑구,ST-850
11260,중랑구,ST-851
11260,중랑구,ST-852
11260,중랑구,ST-853
11260,중랑구,ST-854
11260,중랑구,ST-855
11260,중랑구,ST-856
11260,중랑구,ST-857
11260,중랑구,ST-912
11260,중랑구,ST-942
11290,성북구,ST-1200
11290,성북구,ST-1201
11290,성북구,ST-1202
11290,성북구,ST-1203
11290,성북구,ST-1204
11290,성북구,ST-1206
11290,성북구,ST-1207
11290,성북구,ST-1208
11290,성북구,ST-1209
11290,성북구,ST-1210
11290,성북구,ST-1211
11290,성북구,ST-1212
11290,성북구,ST-1213
11290,성북구,ST-1214
11290,성북구,ST-1215
11290,성북구,ST-1216
11290,성북구,ST-1217
11290,성북구,ST-1317
11290,성북구,ST-1347
11290,성북구,ST-1382
11290,성북구,ST-1383
11290,성북구,ST-1384
11290,성북구,ST-1385
11290,성북구,ST-1386
11290,성북구,ST-1424
11290,성북구,ST-1454
11290,성북구,ST-1455
11290,성북구,ST-1456
11290,성북구,ST-1457
11290,성북구,ST-1458
11290,성북구,ST-1459
11290,성북구,ST-1460
11290,성북구,ST-1633
11290,성북구,ST-1634
11290,성북구,ST-1635
11290,성북구,ST-1636
11290,성북구,ST-1637
11290,성북구,ST-1666
11290,성북구,ST-1723
11290,성북구,ST-1745
11290,성북구,ST-1746
11290,성북구,ST-2220
11290,성북구,ST-2221
11290,성북구,ST-2222
11290,성북구,ST-2223
11290,성북구,ST-2224
11290,성북구,ST-2225
11290,성북구,ST-2226
11290,성북구,ST-2227
11290,성북구,ST-2229
11290,성북구,ST-2230
11290,성북구,ST-2231
11290,성북구,ST-2232
11290,성북구,ST-2233
11290,성북구,ST-2234
11290,성북구,ST-2235
11290,성북구,ST-2236
11290,성북구,ST-2237
11290,성북구,ST-2238
11290,성북구,ST-2274
11290,성북구,ST-2406
11290,성북구,ST-2510
11290,성북구,ST-2731
11290,성북구,ST-2793
11290,성북구,ST-2898
11290,성북구,ST-2935
11290,성북구,ST-2970
11290,성북구,ST-3038
11290,성북구,ST-3039
11290,성북구,ST-3045
11290,성북구,ST-3046
11290,성북구,ST-3158
11290,성북구,ST-3203
11290,성북구,ST-3264
11290,성북구,ST-3308
11290,성북구,ST-3344
11290,성북구,ST-556
11290,성북구,ST-557
11290,성북구,ST-559
11290,성북구,ST-560
11290,성북구,ST-562
11290,성북구,ST-563
11290,성북구,ST-564
11290,성북구,ST-565
11290,성북구,ST-567
11290,성북구,ST-571
11290,성북구,ST-572
11290,성북구,ST-574
11290,성북구,ST-576
11290,성북구,ST-578
11290,성북구,ST-579
11290,성북구,ST-580
11290,성북구,ST-582
11290,성북구,ST-597
11290,성북구,ST-655
11290,성북구,ST-825
11290,성북구,ST-826
11290,성북구,ST-827
11290,성북구,ST-841
11290,성북구,ST-842
11290,성북구,ST-843
11290,성북구,ST-844
11290,성북구,ST-845
11290,성북구,ST-846
11290,성북구,ST-910
11290,성북구,ST-911
11290,성북구,ST-931
11290,성북구,ST-947
11305,강북구,ST-1100
11305,강북구,ST-1101
11305,강북구,ST-1102
11305,강북구,ST-1103
11305,강북구,ST-1104
11305,강북구,ST-1105
11305,강북구,ST-1106
11305,강북구,ST-1107
11305,강북구,ST-1108
11305,강북구,ST-1109
11305,강북구,ST-1110
11305,강북구,ST-1387
11305,강북구,ST-1388
11305,강북구,ST-1389
11305,강북구,ST-1390
11305,강북구,ST-1391
11305,강북구,ST-1392
11305,강북구,ST-1423
11305,강북구,ST-1604
11305,강북구,ST-1614
11305,강북구,ST-1665
11305,강북구,ST-1724
11305,강북구,ST-1725
11305,강북구,ST-2122
11305,강북구,ST-2123
11305,강북구,ST-2124
11305,강북구,ST-2125
11305,강북구,ST-2126
11305,강북구,ST-2127
11305,강북구,ST-2128
11305,강북구,ST-2129
11305,강북구,ST-2130
11305,강북구,ST-2131
11305,강북구,ST-2132
11305,강북구,ST-2133
11305,강북구,ST-2134
11305,강북구,ST-2135
11305,강북구,ST-2136
11305,강북구,ST-2137
11305,강북구,ST-2400
11305,강북구,ST-2401
11305,강북구,ST-2402
11305,강북구,ST-2403
11305,강북구,ST-2405
11305,강북구,ST-2458
11305,강북구,ST-2459
11305,강북구,ST-2460
11305,강북구,ST-2461
11305,강북구,ST-2610
11305,강북구,ST-2930
11305,강북구,ST-3152
11305,강북구,ST-3184
11305,강북구,ST-3193
11305,강북구,ST-3234
11305,강북구,ST-643
11305,강북구,ST-644
11305,강북구,ST-645
11305,강북구,ST-646
11305,강북구,ST-647
11305,강북구,ST-648
11305,강북구,ST-649
11305,강북구,ST-650
11305,강북구,ST-651
11305,강북구,ST-652
11305,강북구,ST-653
11305,강북구,ST-654
11305,강북구,ST-858
11305,강북구,ST-859
11305,강북구,ST-860
11305,강북구,ST-861
11305,강북구,ST-862
11305,강북구,ST-863
11305,강북구,ST-865
11305,강북구,ST-948
11320,도봉구,ST-1129
11320,도봉구,ST-1130
11320,도봉구,ST-1131
11320,도봉구,ST-1132
11320,도봉구,ST-1133
11320,도봉구,ST-1134
11320,도봉구,ST-1135
11320,도봉구,ST-1136
11320,도봉구,ST-1292
11320,도봉구,ST-1293
11320,도봉구,ST-1294
11320,도봉구,ST-1295
11320,도봉구,ST-1296
11320,도봉구,ST-1297
11320,도봉구,ST-1434
11320,도봉구,ST-1461
11320,도봉구,ST-1462
11320,도봉구,ST-1463
11320,도봉구,ST-1464
11320,도봉구,ST-1465
11320,도봉구,ST-1466
11320,도봉구,ST-1467
11320,도봉구,ST-1468
11320,도봉구,ST-1469
11320,도봉구,ST-1470
11320,도봉구,ST-1471
11320,도봉구,ST-1472
11320,도봉구,ST-1638
11320,도봉구,ST-1726
11320,도봉구,ST-2088
11320,도봉구,ST-2089
11320,도봉구,ST-2090
11320,도봉구,ST-2091
11320,도봉구,ST-2092
11320,도봉구,ST-2093
11320,도봉구,ST-2094
11320,도봉구,ST-2095
11320,도봉구,ST-2096
11320,도봉구,ST-2097
11320,도봉구,ST-2098
11320,도봉구,ST-2099
11320,도봉구,ST-2100
11320,도봉구,ST-2101
11320,도봉구,ST-2102
11320,도봉구,ST-2103
11320,도봉구,ST-2104
11320,도봉구,ST-2105
11320,도봉구,ST-2106
11320,도봉구,ST-2107
11320,도봉구,ST-2108
11320,도봉구,ST-2109
11320,도봉구,ST-2110
11320,도봉구,ST-2111
11320,도봉구,ST-2112
11320,도봉구,ST-2113
11320,도봉구,ST-2114
11320,도봉구,ST-2115
11320,도봉구,ST-2116
11320,도봉구,ST-2117
11320,도봉구,ST-2118
11320,도봉구,ST-2119
11320,도봉구,ST-2120
11320,도봉구,ST-2121
11320,도봉구,ST-2549
11320,도봉구,ST-2722
11320,도봉구,ST-2723
11320,도봉구,ST-2724
11320,도봉구,ST-2725
11320,도봉구,ST-2726
11320,도봉구,ST-2727
11320,도봉구,ST-2730
11320,도봉구,ST-2799
11320,도봉구,ST-2848
11320,도봉구,ST-2849
11320,도봉구,ST-2967
11320,도봉구,ST-2968
11320,도봉구,ST-3001
11320,도봉구,ST-3026
11320,도봉구,ST-3050
11320,도봉구,ST-3091
11320,도봉구,ST-3092
11320,도봉구,ST-3093
11320,도봉구,ST-3119
11320,도봉구,ST-3172
11320,도봉구,ST-3175
11320,도봉구,ST-3176
11320,도봉구,ST-3177
11320,도봉구,ST-3197
11320,도봉구,ST-3269
11320,도봉구,ST-3368
11320,도봉구,ST-613
11320,도봉구,ST-614
11320,도봉구,ST-615
11320,도봉구,ST-616
11320,도봉구,ST-617
11320,도봉구,ST-656
11320,도봉구,ST-657
11320,도봉구,ST-658
11320,도봉구,ST-659
11320,도봉구,ST-734
11320,도봉구,ST-864
11320,도봉구,ST-916
11350,노원구,ST-1111
11350,노원구,ST-1112
11350,노원구,ST-1114
11350,노원구,ST-1115
11350,노원구,ST-1116
11350,노원구,ST-1117
11350,노원구,ST-1118
11350,노원구,ST-1119
11350,노원구,ST-1120
11350,노원구,ST-1121
11350,노원구,ST-1122
11350,노원구,ST-1124
11350,노원구,ST-1125
11350,노원구,ST-1126
11350,노원구,ST-1127
11350,노원구,ST-1128
11350,노원구,ST-1137
11350,노원구,ST-1205
11350,노원구,ST-1278
11350,노원구,ST-1279
11350,노원구,ST-1280
11350,노원구,ST-1281
11350,노원구,ST-1282
11350,노원구,ST-1283
11350,노원구,ST-1284
11350,노원구,ST-1285
11350,노원구,ST-1286
11350,노원구,ST-1287
11350,노원구,ST-1288
11350,노원구,ST-1289
11350,노원구,ST-1290
11350,노원구,ST-1291
11350,노원구,ST-1348
11350,노원구,ST-1349
11350,노원구,ST-1394
11350,노원구,ST-1395
11350,노원구,ST-1396
11350,노원구,ST-1425
11350,노원구,ST-1426
11350,노원구,ST-1473
11350,노원구,ST-1474
11350,노원구,ST-1475
11350,노원구,ST-1476
11350,노원구,ST-1477
11350,노원구,ST-1639
11350,노원구,ST-1640
11350,노원구,ST-1641
11350,노원구,ST-1642
11350,노원구,ST-1672
11350,노원구,ST-1740
11350,노원구,ST-2060
11350,노원구,ST-2061
11350,노원구,ST-2062
11350,노원구,ST-2063
11350,노원구,ST-2064
11350,노원구,ST-2065
11350,노원구,ST-2066
11350,노원구,ST-2067
11350,노원구,ST-2068
11350,노원구,ST-2069
11350,노원구,ST-2070
11350,노원구,ST-2071
11350,노원구,ST-2072
11350,노원구,ST-2073
11350,노원구,ST-2074
11350,노원구,ST-2075
11350,노원구,ST-2076
11350,노원구,ST-2077
11350,노원구,ST-2078
11350,노원구,ST-2079
11350,노원구,ST-2080
11350,노원구,ST-2081
11350,노원구,ST-2082
11350,노원구,ST-2083
11350,노원구,ST-2084
11350,노원구,ST-2085
11350,노원구,ST-2086
11350,노원구,ST-2087
11350,노원구,ST-2698
11350,노원구,ST-2699
11350,노원구,ST-2700
11350,노원구,ST-2701
11350,노원구,ST-2702
11350,노원구,ST-2703
11350,노원구,ST-2704
11350,노원구,ST-2705
11350,노원구,ST-2706
11350,노원구,ST-2707
11350,노원구,ST-2708
11350,노원구,ST-2709
11350,노원구,ST-2710
11350,노원구,ST-2711
11350,노원구,ST-2712
11350,노원구,ST-2713
11350,노원구,ST-2714
11350,노원구,ST-2715
11350,노원구,ST-2716
11350,노원구,ST-2717
11350,노원구,ST-2718
11350,노원구,ST-2719
11350,노원구,ST-2720
11350,노원구,ST-2721
11350,노원구,ST-2729
11350,노원구,ST-2754
11350,노원구,ST-2791
11350,노원구,ST-2792
11350,노원구,ST-2804
11350,노원구,ST-2835
11350,노원구,ST-2836
11350,노원구,ST-2859
11350,노원구,ST-2861
11350,노원구,ST-2896
11350,노원구,ST-2914
11350,노원구,ST-2954
11350,노원구,ST-2955
11350,노원구,ST-2971
11350,노원구,ST-3000
11350,노원구,ST-3014
11350,노원구,ST-3015
11350,노원구,ST-3060
11350,노원구,ST-3063
11350,노원구,ST-3097
11350,노원구,ST-3101
11350,노원구,ST-3110
11350,노원구,ST-3116
11350,노원구,ST-3122
11350,노원구,ST-3123
11350,노원구,ST-3134
11350,노원구,ST-3149
11350,노원구,ST-3167
11350,노원구,ST-3174
11350,노원구,ST-3192
11350,노원구,ST-3211
11350,노원구,ST-3218
11350,노원구,ST-3256
11350,노원구,ST-3262
11350,노원구,ST-3266
11350,노원구,ST-3270
11350,노원구,ST-3274
11350,노원구,ST-3278
11350,노원구,ST-3280
11350,노원구,ST-3282
11350,노원구,ST-3287
11350,노원구,ST-3288
11350,노원구,ST-3289
11350,노원구,ST-3290
11350,노원구,ST-3292
11350,노원구,ST-3293
11350,노원구,ST-3299
11350,노원구,ST-3301
11350,노원구,ST-3338
11350,노원구,ST-3357
11350,노원구,ST-600
11350,노원구,ST-601
11350,노원구,ST-602
11350,노원구,ST-603
11350,노원구,ST-604
11350,노원구,ST-605
11350,노원구,ST-606
11350,노원구,ST-607
11350,노원구,ST-608
11350,노원구,ST-609
11350,노원구,ST-610
11350,노원구,ST-611
11350,노원구,ST-612
11350,노원구,ST-735
11350,노원구,ST-736
11350,노원구,ST-866
11350,노원구,ST-867
11350,노원구,ST-868
11350,노원구,ST-869
11350,노원구,ST-913
11350,노원구,ST-914
11350,노원구,ST-915
11350,노원구,ST-964
11350,노원구,ST-970
11350,노원구,ST-971
11380,은평구,ST-1020
11380,은평구,ST-1021
11380,은평구,ST-1022
11380,은평구,ST-1023
11380,은평구,ST-1024
11380,은평구,ST-1025
11380,은평구,ST-1027
11380,은평구,ST-1028
11380,은평구,ST-1029
11380,은평구,ST-1030
11380,은평구,ST-1031
11380,은평구,ST-1032
11380,은평구,ST-1033
11380,은평구,ST-1034
11380,은평구,ST-1035
11380,은평구,ST-1036
11380,은평구,ST-1037
11380,은평구,ST-1038
11380,은평구,ST-1039
11380,은평구,ST-1329
11380,은평구,ST-1330
11380,은평구,ST-1331
11380,은평구,ST-1478
11380,은평구,ST-1479
11380,은평구,ST-1480
11380,은평구,ST-1481
11380,은평구,ST-1482
11380,은평구,ST-1483
11380,은평구,ST-1484
11380,은평구,ST-1485
11380,은평구,ST-1486
11380,은평구,ST-1487
11380,은평구,ST-1488
11380,은평구,ST-1489
11380,은평구,ST-1490
11380,은평구,ST-1673
11380,은평구,ST-1674
11380,은평구,ST-1751
11380,은평구,ST-2241
11380,은평구,ST-2242
11380,은평구,ST-2243
11380,은평구,ST-2244
11380,은평구,ST-2245
11380,은평구,ST-2246
11380,은평구,ST-2247
11380,은평구,ST-2248
11380,은평구,ST-2249
11380,은평구,ST-2250
11380,은평구,ST-2251
11380,은평구,ST-2252
11380,은평구,ST-2253
11380,은평구,ST-2254
11380,은평구,ST-2255
11380,은평구,ST-2256
11380,은평구,ST-2257
11380,은평구,ST-2258
11380,은평구,ST-2259
11380,은평구,ST-2260
11380,은평구,ST-2261
11380,은평구,ST-2262
11380,은평구,ST-2263
11380,은평구,ST-2264
11380,은평구,ST-2425
11380,은평구,ST-2470
11380,은평구,ST-2471
11380,은평구,ST-2775
11380,은평구,ST-2776
11380,은평구,ST-2777
11380,은평구,ST-2778
11380,은평구,ST-2779
11380,은평구,ST-2780
11380,은평구,ST-2781
11380,은평구,ST-2782
11380,은평구,ST-2783
11380,은평구,ST-2784
11380,은평구,ST-2785
11380,은평구,ST-2824
11380,은평구,ST-2825
11380,은평구,ST-2956
11380,은평구,ST-3028
11380,은평구,ST-3058
11380,은평구,ST-3076
11380,은평구,ST-3095
11380,은평구,ST-3126
11380,은평구,ST-3127
11380,은평구,ST-3169
11380,은평구,ST-3201
11380,은평구,ST-3279
11380,은평구,ST-448
11380,은평구,ST-449
11380,은평구,ST-450
11380,은평구,ST-451
11380,은평구,ST-452
11380,은평구,ST-453
11380,은평구,ST-454
11380,은평구,ST-455
11380,은평구,ST-456
11380,은평구,ST-457
11380,은평구,ST-458
11380,은평구,ST-459
11380,은평구,ST-460
11380,은평구,ST-461
11380,은평구,ST-462
11380,은평구,ST-463
11380,은평구,ST-464
11380,은평구,ST-465
11380,은평구,ST-466
11380,은평구,ST-467
11380,은평구,ST-468
11380,은평구,ST-469
11380,은평구,ST-470
11380,은평구,ST-471
11380,은평구,ST-472
11380,은평구,ST-473
11380,은평구,ST-474
11380,은평구,ST-475
11380,은평구,ST-476
11380,은평구,ST-477
11380,은평구,ST-478
11380,은평구,ST-479
11380,은평구,ST-480
11380,은평구,ST-481
11380,은평구,ST-93
11410,서대문구,ST-1188
11410,서대문구,ST-1189
11410,서대문구,ST-1190
11410,서대문구,ST-12
11410,서대문구,ST-13
11410,서대문구,ST-14
11410,서대문구,ST-1491
11410,서대문구,ST-1493
11410,서대문구,ST-1643
11410,서대문구,ST-1644
11410,서대문구,ST-17
11410,서대문구,ST-215
11410,서대문구,ST-216
11410,서대문구,ST-217
11410,서대문구,ST-218
11410,서대문구,ST-219
11410,서대문구,ST-2193
11410,서대문구,ST-2194
11410,서대문구,ST-2195
11410,서대문구,ST-2196
11410,서대문구,ST-2197
11410,서대문구,ST-2198
11410,서대문구,ST-2199
11410,서대문구,ST-220
11410,서대문구,ST-2200
11410,서대문구,ST-2201
11410,서대문구,ST-2202
11410,서대문구,ST-2203
11410,서대문구,ST-2204
11410,서대문구,ST-2205
11410,서대문구,ST-2206
11410,서대문구,ST-2207
11410,서대문구,ST-2208
11410,서대문구,ST-2209
11410,서대문구,ST-221
11410,서대문구,ST-2210
11410,서대문구,ST-2211
11410,서대문구,ST-2212
11410,서대문구,ST-2213
11410,서대문구,ST-2214
11410,서대문구,ST-2215
11410,서대문구,ST-2216
11410,서대문구,ST-2217
11410,서대문구,ST-2218
11410,서대문구,ST-2219
11410,서대문구,ST-222
11410,서대문구,ST-223
11410,서대문구,ST-224
11410,서대문구,ST-225
11410,서대문구,ST-226
11410,서대문구,ST-227
11410,서대문구,ST-228
11410,서대문구,ST-230
11410,서대문구,ST-231
11410,서대문구,ST-232
11410,서대문구,ST-233
11410,서대문구,ST-25
11410,서대문구,ST-2561
11410,서대문구,ST-2897
11410,서대문구,ST-2990
11410,서대문구,ST-30
11410,서대문구,ST-3027
11410,서대문구,ST-3033
11410,서대문구,ST-3034
11410,서대문구,ST-3051
11410,서대문구,ST-3062
11410,서대문구,ST-3107
11410,서대문구,ST-3113
11410,서대문구,ST-3114
11410,서대문구,ST-3139
11410,서대문구,ST-3140
11410,서대문구,ST-3202
11410,서대문구,ST-33
11410,서대문구,ST-3349
11410,서대문구,ST-34
11410,서대문구,ST-345
11410,서대문구,ST-346
11410,서대문구,ST-347
11410,서대문구,ST-348
11410,서대문구,ST-349
11410,서대문구,ST-35
11410,서대문구,ST-350
11410,서대문구,ST-351
11410,서대문구,ST-352
11410,서대문구,ST-353
11410,서대문구,ST-354
11410,서대문구,ST-36
11410,서대문구,ST-37
11410,서대문구,ST-39
11410,서대문구,ST-40
11410,서대문구,ST-41
11410,서대문구,ST-42
11410,서대문구,ST-43
11410,서대문구,ST-555
11440,마포구,ST-10
11440,마포구,ST-11
11440,마포구,ST-110
11440,마포구,ST-1397
11440,마포구,ST-1492
11440,마포구,ST-1494
11440,마포구,ST-15
11440,마포구,ST-16
11440,마포구,ST-1675
11440,마포구,ST-1691
11440,마포구,ST-1692
11440,마포구,ST-1693
11440,마포구,ST-1754
11440,마포구,ST-18
11440,마포구,ST-19
11440,마포구,ST-2
11440,마포구,ST-20
11440,마포구,ST-200
11440,마포구,ST-201
11440,마포구,ST-202
11440,마포구,ST-203
11440,마포구,ST-204
11440,마포구,ST-205
11440,마포구,ST-206
11440,마포구,ST-207
11440,마포구,ST-208
11440,마포구,ST-209
11440,마포구,ST-21
11440,마포구,ST-210
11440,마포구,ST-211
11440,마포구,ST-212
11440,마포구,ST-213
11440,마포구,ST-214
11440,마포구,ST-2146
11440,마포구,ST-2147
11440,마포구,ST-2148
11440,마포구,ST-2149
11440,마포구,ST-2150
11440,마포구,ST-2151
11440,마포구,ST-2152
11440,마포구,ST-2153
11440,마포구,ST-2154
11440,마포구,ST-2155
11440,마포구,ST-2156
11440,마포구,ST-2157
11440,마포구,ST-2158
11440,마포구,ST-2159
11440,마포구,ST-2160
11440,마포구,ST-2161
11440,마포구,ST-2162
11440,마포구,ST-2163
11440,마포구,ST-2164
11440,마포구,ST-2165
11440,마포구,ST-2166
11440,마포구,ST-2167
11440,마포구,ST-2168
11440,마포구,ST-2169
11440,마포구,ST-2170
11440,마포구,ST-22
11440,마포구,ST-23
11440,마포구,ST-24
11440,마포구,ST-2528
11440,마포구,ST-2529
11440,마포구,ST-2530
11440,마포구,ST-2531
11440,마포구,ST-2532
11440,마포구,ST-2533
11440,마포구,ST-2534
11440,마포구,ST-2535
11440,마포구,ST-2536
11440,마포구,ST-2537
11440,마포구,ST-26
11440,마포구,ST-27
11440,마포구,ST-28
11440,마포구,ST-2874
11440,마포구,ST-29
11440,마포구,ST-2905
11440,마포구,ST-2974
11440,마포구,ST-2975
11440,마포구,ST-2976
11440,마포구,ST-2977
11440,마포구,ST-2978
11440,마포구,ST-2979
11440,마포구,ST-2980
11440,마포구,ST-2981
11440,마포구,ST-2982
11440,마포구,ST-2983
11440,마포구,ST-3
11440,마포구,ST-3008
11440,마포구,ST-3016
11440,마포구,ST-3017
11440,마포구,ST-3018
11440,마포구,ST-3019
11440,마포구,ST-3020
11440,마포구,ST-3021
11440,마포구,ST-3022
11440,마포구,ST-31
11440,마포구,ST-3130
11440,마포구,ST-32
11440,마포구,ST-3213
11440,마포구,ST-3244
11440,마포구,ST-3271
11440,마포구,ST-3272
11440,마포구,ST-3355
11440,마포구,ST-339
11440,마포구,ST-340
11440,마포구,ST-341
11440,마포구,ST-342
11440,마포구,ST-343
11440,마포구,ST-344
11440,마포구,ST-38
11440,마포구,ST-4
11440,마포구,ST-443
11440,마포구,ST-5
11440,마포구,ST-6
11440,마포구,ST-7
11440,마포구,ST-74
11440,마포구,ST-76
11440,마포구,ST-77
11440,마포구,ST-78
11440,마포구,ST-79
11440,마포구,ST-8
11440,마포구,ST-80
11440,마포구,ST-81
11440,마포구,ST-82
11440,마포구,ST-83
11440,마포구,ST-84
11440,마포구,ST-85
11440,마포구,ST-86
11440,마포구,ST-87
11440,마포구,ST-88
11440,마포구,ST-89
11440,마포구,ST-9
11440,마포구,ST-90
11440,마포구,ST-91
11440,마포구,ST-92
11440,마포구,ST-94
11440,마포구,ST-95
11440,마포구,ST-96
11440,마포구,ST-968
11440,마포구,ST-982
11440,마포구,ST-989
11440,마포구,ST-990
11440,마포구,ST-991
11440,마포구,ST-992
11470,양천구,ST-1000
11470,양천구,ST-1001
11470,양천구,ST-1002
11470,양천구,ST-1003
11470,양천구,ST-1004
11470,양천구,ST-1005
11470,양천구,ST-1006
11470,양천구,ST-1007
11470,양천구,ST-1008
11470,양천구,ST-1009
11470,양천구,ST-1010
11470,양천구,ST-1011
11470,양천구,ST-1012
11470,양천구,ST-1013
11470,양천구,ST-1014
11470,양천구,ST-1015
11470,양천구,ST-1016
11470,양천구,ST-1017
11470,양천구,ST-1018
11470,양천구,ST-1019
11470,양천구,ST-1350
11470,양천구,ST-1398
11470,양천구,ST-1399
11470,양천구,ST-1400
11470,양천구,ST-1401
11470,양천구,ST-1495
11470,양천구,ST-1496
11470,양천구,ST-1497
11470,양천구,ST-1498
11470,양천구,ST-1499
11470,양천구,ST-1500
11470,양천구,ST-1501
11470,양천구,ST-1502
11470,양천구,ST-1503
11470,양천구,ST-1504
11470,양천구,ST-1505
11470,양천구,ST-1731
11470,양천구,ST-1736
11470,양천구,ST-1993
11470,양천구,ST-1994
11470,양천구,ST-1995
11470,양천구,ST-1996
11470,양천구,ST-1997
11470,양천구,ST-1998
11470,양천구,ST-1999
11470,양천구,ST-2000
11470,양천구,ST-2001
11470,양천구,ST-2002
11470,양천구,ST-2003
11470,양천구,ST-2004
11470,양천구,ST-2005
11470,양천구,ST-2006
11470,양천구,ST-2007
11470,양천구,ST-2008
11470,양천구,ST-2009
11470,양천구,ST-2010
11470,양천구,ST-2011
11470,양천구,ST-2012
11470,양천구,ST-2013
11470,양천구,ST-2014
11470,양천구,ST-2015
11470,양천구,ST-2016
11470,양천구,ST-2017
11470,양천구,ST-2039
11470,양천구,ST-2395
11470,양천구,ST-2396
11470,양천구,ST-2397
11470,양천구,ST-2398
11470,양천구,ST-2692
11470,양천구,ST-2758
11470,양천구,ST-2759
11470,양천구,ST-2760
11470,양천구,ST-2761
11470,양천구,ST-2762
11470,양천구,ST-2763
11470,양천구,ST-2764
11470,양천구,ST-2765
11470,양천구,ST-2766
11470,양천구,ST-2767
11470,양천구,ST-2768
11470,양천구,ST-2769
11470,양천구,ST-2770
11470,양천구,ST-2771
11470,양천구,ST-2772
11470,양천구,ST-2773
11470,양천구,ST-2774
11470,양천구,ST-2794
11470,양천구,ST-2844
11470,양천구,ST-2879
11470,양천구,ST-2950
11470,양천구,ST-2951
11470,양천구,ST-2960
11470,양천구,ST-2961
11470,양천구,ST-3047
11470,양천구,ST-3048
11470,양천구,ST-3059
11470,양천구,ST-308
11470,양천구,ST-3089
11470,양천구,ST-309
11470,양천구,ST-310
11470,양천구,ST-3104
11470,양천구,ST-311
11470,양천구,ST-312
11470,양천구,ST-313
11470,양천구,ST-314
11470,양천구,ST-3146
11470,양천구,ST-315
11470,양천구,ST-316
11470,양천구,ST-3163
11470,양천구,ST-317
11470,양천구,ST-318
11470,양천구,ST-319
11470,양천구,ST-320
11470,양천구,ST-321
11470,양천구,ST-3215
11470,양천구,ST-3224
11470,양천구,ST-3227
11470,양천구,ST-3304
11470,양천구,ST-427
11470,양천구,ST-428
11470,양천구,ST-429
11470,양천구,ST-430
11470,양천구,ST-431
11470,양천구,ST-432
11470,양천구,ST-433
11470,양천구,ST-993
11470,양천구,ST-994
11470,양천구,ST-995
11470,양천구,ST-996
11470,양천구,ST-997
11470,양천구,ST-998
11470,양천구,ST-999
11500,강서구,ST-1062
11500,강서구,ST-1063
11500,강서구,ST-1064
11500,강서구,ST-1065
11500,강서구,ST-1066
11500,강서구,ST-1067
11500,강서구,ST-1068
11500,강서구,ST-1069
11500,강서구,ST-1249
11500,강서구,ST-1250
11500,강서구,ST-1251
11500,강서구,ST-1252
11500,강서구,ST-1253
11500,강서구,ST-1254
11500,강서구,ST-1255
11500,강서구,ST-1338
11500,강서구,ST-1351
11500,강서구,ST-1352
11500,강서구,ST-1402
11500,강서구,ST-1506
11500,강서구,ST-1507
11500,강서구,ST-1508
11500,강서구,ST-1509
11500,강서구,ST-1510
11500,강서구,ST-1511
11500,강서구,ST-1512
11500,강서구,ST-1513
11500,강서구,ST-1514
11500,강서구,ST-1515
11500,강서구,ST-1516
11500,강서구,ST-1517
11500,강서구,ST-1518
11500,강서구,ST-1519
11500,강서구,ST-1520
11500,강서구,ST-1645
11500,강서구,ST-1646
11500,강서구,ST-1647
11500,강서구,ST-1676
11500,강서구,ST-1688
11500,강서구,ST-1689
11500,강서구,ST-1694
11500,강서구,ST-1695
11500,강서구,ST-1708
11500,강서구,ST-1709
11500,강서구,ST-1710
11500,강서구,ST-1711
11500,강서구,ST-1712
11500,강서구,ST-1713
11500,강서구,ST-1714
11500,강서구,ST-1715
11500,강서구,ST-1718
11500,강서구,ST-1727
11500,강서구,ST-1750
11500,강서구,ST-2018
11500,강서구,ST-2020
11500,강서구,ST-2021
11500,강서구,ST-2022
11500,강서구,ST-2023
11500,강서구,ST-2024
11500,강서구,ST-2025
11500,강서구,ST-2026
11500,강서구,ST-2027
11500,강서구,ST-2028
11500,강서구,ST-2029
11500,강서구,ST-2030
11500,강서구,ST-2031
11500,강서구,ST-2032
11500,강서구,ST-2033
11500,강서구,ST-2034
11500,강서구,ST-2035
11500,강서구,ST-2036
11500,강서구,ST-2037
11500,강서구,ST-2038
11500,강서구,ST-2040
11500,강서구,ST-2041
11500,강서구,ST-2042
11500,강서구,ST-2043
11500,강서구,ST-2044
11500,강서구,ST-2045
11500,강서구,ST-2046
11500,강서구,ST-2047
11500,강서구,ST-2048
11500,강서구,ST-2049
11500,강서구,ST-2050
11500,강서구,ST-2051
11500,강서구,ST-2052
11500,강서구,ST-2053
11500,강서구,ST-2054
11500,강서구,ST-2055
11500,강서구,ST-2056
11500,강서구,ST-2057
11500,강서구,ST-2058
11500,강서구,ST-2059
11500,강서구,ST-2399
11500,강서구,ST-2411
11500,강서구,ST-2412
11500,강서구,ST-2419
11500,강서구,ST-2475
11500,강서구,ST-2476
11500,강서구,ST-2477
11500,강서구,ST-2478
11500,강서구,ST-2479
11500,강서구,ST-2480
11500,강서구,ST-2481
11500,강서구,ST-2482
11500,강서구,ST-2483
11500,강서구,ST-2484
11500,강서구,ST-2485
11500,강서구,ST-2486
11500,강서구,ST-2487
11500,강서구,ST-2488
11500,강서구,ST-2489
11500,강서구,ST-2490
11500,강서구,ST-2491
11500,강서구,ST-2492
11500,강서구,ST-2493
11500,강서구,ST-2494
11500,강서구,ST-2495
11500,강서구,ST-2538
11500,강서구,ST-2539
11500,강서구,ST-2540
11500,강서구,ST-2550
11500,강서구,ST-2551
11500,강서구,ST-2552
11500,강서구,ST-2553
11500,강서구,ST-2554
11500,강서구,ST-2555
11500,강서구,ST-2556
11500,강서구,ST-2557
11500,강서구,ST-2558
11500,강서구,ST-2569
11500,강서구,ST-2611
11500,강서구,ST-2612
11500,강서구,ST-2613
11500,강서구,ST-2627
11500,강서구,ST-2752
11500,강서구,ST-2789
11500,강서구,ST-2790
11500,강서구,ST-2831
11500,강서구,ST-2832
11500,강서구,ST-2857
11500,강서구,ST-2858
11500,강서구,ST-2871
11500,강서구,ST-2883
11500,강서구,ST-2884
11500,강서구,ST-2885
11500,강서구,ST-2886
11500,강서구,ST-2887
11500,강서구,ST-2888
11500,강서구,ST-2889
11500,강서구,ST-2890
11500,강서구,ST-2943
11500,강서구,ST-2944
11500,강서구,ST-2945
11500,강서구,ST-2946
11500,강서구,ST-2947
11500,강서구,ST-2965
11500,강서구,ST-2992
11500,강서구,ST-2993
11500,강서구,ST-2994
11500,강서구,ST-3031
11500,강서구,ST-3068
11500,강서구,ST-3084
11500,강서구,ST-3094
11500,강서구,ST-3100
11500,강서구,ST-3118
11500,강서구,ST-3125
11500,강서구,ST-3128
11500,강서구,ST-3129
11500,강서구,ST-3137
11500,강서구,ST-3145
11500,강서구,ST-3183
11500,강서구,ST-3226
11500,강서구,ST-3251
11500,강서구,ST-3259
11500,강서구,ST-3260
11500,강서구,ST-3261
11500,강서구,ST-3263
11500,강서구,ST-3276
11500,강서구,ST-3281
11500,강서구,ST-3284
11500,강서구,ST-3324
11500,강서구,ST-3327
11500,강서구,ST-3337
11500,강서구,ST-3365
11500,강서구,ST-507
11500,강서구,ST-508
11500,강서구,ST-509
11500,강서구,ST-510
11500,강서구,ST-511
11500,강서구,ST-512
11500,강서구,ST-513
11500,강서구,ST-514
11500,강서구,ST-515
11500,강서구,ST-516
11500,강서구,ST-517
11500,강서구,ST-518
11500,강서구,ST-519
11500,강서구,ST-520
11500,강서구,ST-521
11500,강서구,ST-522
11500,강서구,ST-523
11500,강서구,ST-524
11500,강서구,ST-525
11500,강서구,ST-526
11500,강서구,ST-527
11500,강서구,ST-528
11500,강서구,ST-529
11500,강서구,ST-530
11500,강서구,ST-531
11500,강서구,ST-532
11500,강서구,ST-533
11500,강서구,ST-534
11500,강서구,ST-535
11500,강서구,ST-536
11500,강서구,ST-537
11500,강서구,ST-538
11500,강서구,ST-824
11500,강서구,ST-828
11500,강서구,ST-829
11500,강서구,ST-831
11500,강서구,ST-832
11500,강서구,ST-833
11500,강서구,ST-834
11500,강서구,ST-835
11500,강서구,ST-836
11500,강서구,ST-837
11500,강서구,ST-975
11530,구로구,ST-1218
11530,구로구,ST-1219
11530,구로구,ST-1220
11530,구로구,ST-1221
11530,구로구,ST-1222
11530,구로구,ST-1223
11530,구로구,ST-1224
11530,구로구,ST-1226
11530,구로구,ST-1227
11530,구로구,ST-1228
11530,구로구,ST-1229
11530,구로구,ST-1230
11530,구로구,ST-1231
11530,구로구,ST-1232
11530,구로구,ST-1233
11530,구로구,ST-1234
11530,구로구,ST-1235
11530,구로구,ST-1236
11530,구로구,ST-1237
11530,구로구,ST-1238
11530,구로구,ST-1239
11530,구로구,ST-1240
11530,구로구,ST-1241
11530,구로구,ST-1242
11530,구로구,ST-1243
11530,구로구,ST-1272
11530,구로구,ST-1273
11530,구로구,ST-1274
11530,구로구,ST-1275
11530,구로구,ST-1521
11530,구로구,ST-1522
11530,구로구,ST-1523
11530,구로구,ST-1524
11530,구로구,ST-1525
11530,구로구,ST-1526
11530,구로구,ST-1527
11530,구로구,ST-1528
11530,구로구,ST-1529
11530,구로구,ST-1530
11530,구로구,ST-1531
11530,구로구,ST-1532
11530,구로구,ST-1696
11530,구로구,ST-1732
11530,구로구,ST-1733
11530,구로구,ST-1753
11530,구로구,ST-1942
11530,구로구,ST-1943
11530,구로구,ST-1944
11530,구로구,ST-1945
11530,구로구,ST-1946
11530,구로구,ST-1947
11530,구로구,ST-1949
11530,구로구,ST-1950
11530,구로구,ST-1951
11530,구로구,ST-1952
11530,구로구,ST-1953
11530,구로구,ST-1954
11530,구로구,ST-1955
11530,구로구,ST-1956
11530,구로구,ST-1957
11530,구로구,ST-1958
11530,구로구,ST-1959
11530,구로구,ST-1960
11530,구로구,ST-1961
11530,구로구,ST-1962
11530,구로구,ST-1963
11530,구로구,ST-1964
11530,구로구,ST-1965
11530,구로구,ST-1966
11530,구로구,ST-2145
11530,구로구,ST-2435
11530,구로구,ST-2462
11530,구로구,ST-2463
11530,구로구,ST-2464
11530,구로구,ST-2465
11530,구로구,ST-2559
11530,구로구,ST-2753
11530,구로구,ST-2828
11530,구로구,ST-2829
11530,구로구,ST-2855
11530,구로구,ST-2892
11530,구로구,ST-2949
11530,구로구,ST-2997
11530,구로구,ST-3013
11530,구로구,ST-3037
11530,구로구,ST-3055
11530,구로구,ST-3067
11530,구로구,ST-3088
11530,구로구,ST-3103
11530,구로구,ST-3124
11530,구로구,ST-3182
11530,구로구,ST-3189
11530,구로구,ST-3194
11530,구로구,ST-3195
11530,구로구,ST-3222
11530,구로구,ST-3223
11530,구로구,ST-3225
11530,구로구,ST-3237
11530,구로구,ST-3252
11530,구로구,ST-3303
11530,구로구,ST-3306
11530,구로구,ST-3311
11530,구로구,ST-662
11530,구로구,ST-663
11530,구로구,ST-664
11530,구로구,ST-665
11530,구로구,ST-666
11530,구로구,ST-667
11530,구로구,ST-668
11530,구로구,ST-669
11530,구로구,ST-670
11530,구로구,ST-671
11530,구로구,ST-672
11530,구로구,ST-673
11530,구로구,ST-674
11530,구로구,ST-675
11530,구로구,ST-676
11530,구로구,ST-677
11530,구로구,ST-678
11530,구로구,ST-679
11530,구로구,ST-680
11530,구로구,ST-681
11530,구로구,ST-682
11530,구로구,ST-870
11530,구로구,ST-871
11530,구로구,ST-872
11530,구로구,ST-873
11530,구로구,ST-874
11530,구로구,ST-875
11530,구로구,ST-876
11530,구로구,ST-918
11530,구로구,ST-919
11530,구로구,ST-920
11530,구로구,ST-936
11545,금천구,ST-1138
11545,금천구,ST-1139
11545,금천구,ST-1140
11545,금천구,ST-1141
11545,금천구,ST-1142
11545,금천구,ST-1143
11545,금천구,ST-1144
11545,금천구,ST-1145
11545,금천구,ST-1146
11545,금천구,ST-1147
11545,금천구,ST-1148
11545,금천구,ST-1149
11545,금천구,ST-1225
11545,금천구,ST-1276
11545,금천구,ST-1277
11545,금천구,ST-1403
11545,금천구,ST-1533
11545,금천구,ST-1534
11545,금천구,ST-1535
11545,금천구,ST-1536
11545,금천구,ST-1537
11545,금천구,ST-1538
11545,금천구,ST-1648
11545,금천구,ST-1734
11545,금천구,ST-1931
11545,금천구,ST-1932
11545,금천구,ST-1933
11545,금천구,ST-1934
11545,금천구,ST-1935
11545,금천구,ST-1936
11545,금천구,ST-1937
11545,금천구,ST-1938
11545,금천구,ST-1939
11545,금천구,ST-1940
11545,금천구,ST-1941
11545,금천구,ST-2637
11545,금천구,ST-2638
11545,금천구,ST-2639
11545,금천구,ST-2640
11545,금천구,ST-2641
11545,금천구,ST-2642
11545,금천구,ST-2893
11545,금천구,ST-2894
11545,금천구,ST-2895
11545,금천구,ST-2910
11545,금천구,ST-2911
11545,금천구,ST-2912
11545,금천구,ST-2913
11545,금천구,ST-2931
11545,금천구,ST-2932
11545,금천구,ST-2964
11545,금천구,ST-2998
11545,금천구,ST-2999
11545,금천구,ST-3029
11545,금천구,ST-3032
11545,금천구,ST-3196
11545,금천구,ST-3219
11545,금천구,ST-3236
11545,금천구,ST-619
11545,금천구,ST-620
11545,금천구,ST-621
11545,금천구,ST-622
11545,금천구,ST-623
11545,금천구,ST-624
11545,금천구,ST-625
11545,금천구,ST-626
11545,금천구,ST-627
11545,금천구,ST-628
11545,금천구,ST-629
11545,금천구,ST-630
11545,금천구,ST-631
11545,금천구,ST-632
11545,금천구,ST-633
11545,금천구,ST-634
11545,금천구,ST-635
11545,금천구,ST-636
11545,금천구,ST-637
11545,금천구,ST-638
11545,금천구,ST-639
11545,금천구,ST-640
11545,금천구,ST-641
11545,금천구,ST-642
11545,금천구,ST-660
11545,금천구,ST-661
11545,금천구,ST-917
11545,금천구,ST-952
11560,영등포구,ST-1318
11560,영등포구,ST-1319
11560,영등포구,ST-1320
11560,영등포구,ST-1321
11560,영등포구,ST-1322
11560,영등포구,ST-1323
11560,영등포구,ST-1353
11560,영등포구,ST-1354
11560,영등포구,ST-1539
11560,영등포구,ST-1540
11560,영등포구,ST-1541
11560,영등포구,ST-1649
11560,영등포구,ST-1650
11560,영등포구,ST-1651
11560,영등포구,ST-1652
11560,영등포구,ST-1653
11560,영등포구,ST-1677
11560,영등포구,ST-1697
11560,영등포구,ST-1698
11560,영등포구,ST-1699
11560,영등포구,ST-1700
11560,영등포구,ST-1701
11560,영등포구,ST-1741
11560,영등포구,ST-1748
11560,영등포구,ST-1967
11560,영등포구,ST-1968
11560,영등포구,ST-1969
11560,영등포구,ST-1970
11560,영등포구,ST-1971
11560,영등포구,ST-1972
11560,영등포구,ST-1973
11560,영등포구,ST-1974
11560,영등포구,ST-1975
11560,영등포구,ST-1976
11560,영등포구,ST-1977
11560,영등포구,ST-1978
11560,영등포구,ST-1979
11560,영등포구,ST-1980
11560,영등포구,ST-1981
11560,영등포구,ST-1982
11560,영등포구,ST-1983
11560,영등포구,ST-1984
11560,영등포구,ST-1985
11560,영등포구,ST-1986
11560,영등포구,ST-1987
11560,영등포구,ST-1988
11560,영등포구,ST-1989
11560,영등포구,ST-1990
11560,영등포구,ST-1991
11560,영등포구,ST-1992
11560,영등포구,ST-2144
11560,영등포구,ST-2429
11560,영등포구,ST-2563
11560,영등포구,ST-2564
11560,영등포구,ST-2643
11560,영등포구,ST-2644
11560,영등포구,ST-2645
11560,영등포구,ST-2646
11560,영등포구,ST-2647
11560,영등포구,ST-2648
11560,영등포구,ST-2694
11560,영등포구,ST-277
11560,영등포구,ST-278
11560,영등포구,ST-279
11560,영등포구,ST-280
11560,영등포구,ST-2800
11560,영등포구,ST-2801
11560,영등포구,ST-2806
11560,영등포구,ST-2807
11560,영등포구,ST-2808
11560,영등포구,ST-2809
11560,영등포구,ST-281
11560,영등포구,ST-2810
11560,영등포구,ST-2811
11560,영등포구,ST-2812
11560,영등포구,ST-2813
11560,영등포구,ST-2814
11560,영등포구,ST-2815
11560,영등포구,ST-2816
11560,영등포구,ST-2817
11560,영등포구,ST-2818
11560,영등포구,ST-2819
11560,영등포구,ST-282
11560,영등포구,ST-2820
11560,영등포구,ST-2821
11560,영등포구,ST-2822
11560,영등포구,ST-2823
11560,영등포구,ST-283
11560,영등포구,ST-284
11560,영등포구,ST-285
11560,영등포구,ST-2852
11560,영등포구,ST-286
11560,영등포구,ST-287
11560,영등포구,ST-288
11560,영등포구,ST-289
11560,영등포구,ST-2899
11560,영등포구,ST-290
11560,영등포구,ST-2900
11560,영등포구,ST-2901
11560,영등포구,ST-2902
11560,영등포구,ST-291
11560,영등포구,ST-292
11560,영등포구,ST-2920
11560,영등포구,ST-293
11560,영등포구,ST-294
11560,영등포구,ST-295
11560,영등포구,ST-2958
11560,영등포구,ST-2959
11560,영등포구,ST-296
11560,영등포구,ST-297
11560,영등포구,ST-298
11560,영등포구,ST-299
11560,영등포구,ST-300
11560,영등포구,ST-301
11560,영등포구,ST-3011
11560,영등포구,ST-302
11560,영등포구,ST-303
11560,영등포구,ST-3030
11560,영등포구,ST-304
11560,영등포구,ST-3040
11560,영등포구,ST-3041
11560,영등포구,ST-305
11560,영등포구,ST-306
11560,영등포구,ST-3061
11560,영등포구,ST-307
11560,영등포구,ST-3072
11560,영등포구,ST-3073
11560,영등포구,ST-3074
11560,영등포구,ST-3102
11560,영등포구,ST-3142
11560,영등포구,ST-3160
11560,영등포구,ST-3170
11560,영등포구,ST-3171
11560,영등포구,ST-3187
11560,영등포구,ST-3200
11560,영등포구,ST-3204
11560,영등포구,ST-3212
11560,영등포구,ST-3235
11560,영등포구,ST-3238
11560,영등포구,ST-3239
11560,영등포구,ST-3241
11560,영등포구,ST-3250
11560,영등포구,ST-3283
11560,영등포구,ST-3313
11560,영등포구,ST-3314
11560,영등포구,ST-3315
11560,영등포구,ST-3318
11560,영등포구,ST-3319
11560,영등포구,ST-3322
11560,영등포구,ST-3323
11560,영등포구,ST-3330
11560,영등포구,ST-3331
11560,영등포구,ST-3341
11560,영등포구,ST-3359
11560,영등포구,ST-380
11560,영등포구,ST-413
11560,영등포구,ST-414
11560,영등포구,ST-415
11560,영등포구,ST-416
11560,영등포구,ST-417
11560,영등포구,ST-418
11560,영등포구,ST-419
11560,영등포구,ST-420
11560,영등포구,ST-421
11560,영등포구,ST-422
11560,영등포구,ST-423
11560,영등포구,ST-424
11560,영등포구,ST-425
11560,영등포구,ST-426
11560,영등포구,ST-45
11560,영등포구,ST-46
11560,영등포구,ST-47
11560,영등포구,ST-50
11560,영등포구,ST-51
11560,영등포구,ST-52
11560,영등포구,ST-53
11560,영등포구,ST-55
11560,영등포구,ST-56
11560,영등포구,ST-57
11560,영등포구,ST-58
11560,영등포구,ST-59
11560,영등포구,ST-60
11560,영등포구,ST-61
11560,영등포구,ST-62
11560,영등포구,ST-63
11560,영등포구,ST-64
11560,영등포구,ST-65
11560,영등포구,ST-66
11560,영등포구,ST-67
11560,영등포구,ST-68
11560,영등포구,ST-69
11560,영등포구,ST-70
11560,영등포구,ST-71
11560,영등포구,ST-72
11560,영등포구,ST-73
11590,동작구,ST-1150
11590,동작구,ST-1151
11590,동작구,ST-1152
11590,동작구,ST-1153
11590,동작구,ST-1154
11590,동작구,ST-1157
11590,동작구,ST-1256
11590,동작구,ST-1355
11590,동작구,ST-1356
11590,동작구,ST-1542
11590,동작구,ST-1543
11590,동작구,ST-1544
11590,동작구,ST-1545
11590,동작구,ST-1667
11590,동작구,ST-1742
11590,동작구,ST-2345
11590,동작구,ST-2346
11590,동작구,ST-2347
11590,동작구,ST-2348
11590,동작구,ST-2349
11590,동작구,ST-2350
11590,동작구,ST-2351
11590,동작구,ST-2352
11590,동작구,ST-2354
11590,동작구,ST-2355
11590,동작구,ST-2356
11590,동작구,ST-2357
11590,동작구,ST-2358
11590,동작구,ST-2359
11590,동작구,ST-2360
11590,동작구,ST-2361
11590,동작구,ST-2362
11590,동작구,ST-2363
11590,동작구,ST-2364
11590,동작구,ST-2365
11590,동작구,ST-2366
11590,동작구,ST-2367
11590,동작구,ST-2368
11590,동작구,ST-2369
11590,동작구,ST-2649
11590,동작구,ST-2650
11590,동작구,ST-2651
11590,동작구,ST-2652
11590,동작구,ST-2653
11590,동작구,ST-2654
11590,동작구,ST-2803
11590,동작구,ST-2826
11590,동작구,ST-2827
11590,동작구,ST-3064
11590,동작구,ST-3065
11590,동작구,ST-3105
11590,동작구,ST-3106
11590,동작구,ST-3117
11590,동작구,ST-683
11590,동작구,ST-684
11590,동작구,ST-685
11590,동작구,ST-686
11590,동작구,ST-687
11590,동작구,ST-688
11590,동작구,ST-689
11590,동작구,ST-690
11590,동작구,ST-691
11590,동작구,ST-692
11590,동작구,ST-693
11590,동작구,ST-694
11590,동작구,ST-695
11590,동작구,ST-696
11590,동작구,ST-697
11590,동작구,ST-698
11590,동작구,ST-699
11590,동작구,ST-700
11590,동작구,ST-701
11590,동작구,ST-726
11590,동작구,ST-727
11590,동작구,ST-728
11590,동작구,ST-729
11590,동작구,ST-730
11590,동작구,ST-731
11590,동작구,ST-732
11590,동작구,ST-733
11590,동작구,ST-753
11590,동작구,ST-760
11590,동작구,ST-877
11590,동작구,ST-878
11590,동작구,ST-921
11590,동작구,ST-922
11590,동작구,ST-923
11590,동작구,ST-924
11590,동작구,ST-932
11620,관악구,ST-1155
11620,관악구,ST-1156
11620,관악구,ST-1162
11620,관악구,ST-1257
11620,관악구,ST-1258
11620,관악구,ST-1259
11620,관악구,ST-1260
11620,관악구,ST-1261
11620,관악구,ST-1262
11620,관악구,ST-1264
11620,관악구,ST-1265
11620,관악구,ST-1267
11620,관악구,ST-1268
11620,관악구,ST-1269
11620,관악구,ST-1270
11620,관악구,ST-1337
11620,관악구,ST-1357
11620,관악구,ST-1430
11620,관악구,ST-1546
11620,관악구,ST-1547
11620,관악구,ST-1548
11620,관악구,ST-1549
11620,관악구,ST-1550
11620,관악구,ST-1551
11620,관악구,ST-1678
11620,관악구,ST-1702
11620,관악구,ST-1757
11620,관악구,ST-2370
11620,관악구,ST-2371
11620,관악구,ST-2372
11620,관악구,ST-2373
11620,관악구,ST-2374
11620,관악구,ST-2376
11620,관악구,ST-2377
11620,관악구,ST-2378
11620,관악구,ST-2379
11620,관악구,ST-2380
11620,관악구,ST-2381
11620,관악구,ST-2382
11620,관악구,ST-2383
11620,관악구,ST-2384
11620,관악구,ST-2385
11620,관악구,ST-2386
11620,관악구,ST-2387
11620,관악구,ST-2388
11620,관악구,ST-2389
11620,관악구,ST-2390
11620,관악구,ST-2391
11620,관악구,ST-2392
11620,관악구,ST-2393
11620,관악구,ST-2394
11620,관악구,ST-2428
11620,관악구,ST-2614
11620,관악구,ST-2615
11620,관악구,ST-2616
11620,관악구,ST-2617
11620,관악구,ST-2618
11620,관악구,ST-2842
11620,관악구,ST-2851
11620,관악구,ST-2872
11620,관악구,ST-2873
11620,관악구,ST-2948
11620,관악구,ST-2995
11620,관악구,ST-2996
11620,관악구,ST-3143
11620,관악구,ST-3166
11620,관악구,ST-3199
11620,관악구,ST-702
11620,관악구,ST-703
11620,관악구,ST-704
11620,관악구,ST-705
11620,관악구,ST-706
11620,관악구,ST-707
11620,관악구,ST-708
11620,관악구,ST-709
11620,관악구,ST-710
11620,관악구,ST-711
11620,관악구,ST-712
11620,관악구,ST-713
11620,관악구,ST-714
11620,관악구,ST-715
11620,관악구,ST-716
11620,관악구,ST-717
11620,관악구,ST-718
11620,관악구,ST-719
11620,관악구,ST-720
11620,관악구,ST-721
11620,관악구,ST-722
11620,관악구,ST-723
11620,관악구,ST-724
11620,관악구,ST-725
11620,관악구,ST-882
11620,관악구,ST-883
11620,관악구,ST-884
11620,관악구,ST-885
11620,관악구,ST-886
11620,관악구,ST-887
11620,관악구,ST-888
11620,관악구,ST-934
11620,관악구,ST-950
11620,관악구,ST-951
11620,관악구,ST-965
11620,관악구,ST-976
11650,서초구,ST-1158
11650,서초구,ST-1159
11650,서초구,ST-1160
11650,서초구,ST-1161
11650,서초구,ST-1163
11650,서초구,ST-1164
11650,서초구,ST-1165
11650,서초구,ST-1166
11650,서초구,ST-1167
11650,서초구,ST-1168
11650,서초구,ST-1169
11650,서초구,ST-1304
11650,서초구,ST-1305
11650,서초구,ST-1306
11650,서초구,ST-1307
11650,서초구,ST-1308
11650,서초구,ST-1309
11650,서초구,ST-1310
11650,서초구,ST-1311
11650,서초구,ST-1312
11650,서초구,ST-1313
11650,서초구,ST-1314
11650,서초구,ST-1315
11650,서초구,ST-1316
11650,서초구,ST-1358
11650,서초구,ST-1359
11650,서초구,ST-1360
11650,서초구,ST-1361
11650,서초구,ST-1362
11650,서초구,ST-1363
11650,서초구,ST-1404
11650,서초구,ST-1405
11650,서초구,ST-1406
11650,서초구,ST-1552
11650,서초구,ST-1553
11650,서초구,ST-1554
11650,서초구,ST-1555
11650,서초구,ST-1556
11650,서초구,ST-1557
11650,서초구,ST-1558
11650,서초구,ST-1655
11650,서초구,ST-1735
11650,서초구,ST-1739
11650,서초구,ST-1743
11650,서초구,ST-1744
11650,서초구,ST-1899
11650,서초구,ST-1900
11650,서초구,ST-1901
11650,서초구,ST-1902
11650,서초구,ST-1903
11650,서초구,ST-1904
11650,서초구,ST-1905
11650,서초구,ST-1906
11650,서초구,ST-1907
11650,서초구,ST-1908
11650,서초구,ST-1909
11650,서초구,ST-1910
11650,서초구,ST-1911
11650,서초구,ST-1912
11650,서초구,ST-1913
11650,서초구,ST-1914
11650,서초구,ST-1915
11650,서초구,ST-1916
11650,서초구,ST-1917
11650,서초구,ST-1918
11650,서초구,ST-1919
11650,서초구,ST-1920
11650,서초구,ST-1921
11650,서초구,ST-1922
11650,서초구,ST-1923
11650,서초구,ST-1924
11650,서초구,ST-1925
11650,서초구,ST-1926
11650,서초구,ST-1927
11650,서초구,ST-1928
11650,서초구,ST-1929
11650,서초구,ST-1930
11650,서초구,ST-2143
11650,서초구,ST-2404
11650,서초구,ST-2414
11650,서초구,ST-2415
11650,서초구,ST-2416
11650,서초구,ST-2417
11650,서초구,ST-2562
11650,서초구,ST-2570
11650,서초구,ST-2655
11650,서초구,ST-2656
11650,서초구,ST-2657
11650,서초구,ST-2658
11650,서초구,ST-2659
11650,서초구,ST-2660
11650,서초구,ST-2661
11650,서초구,ST-2662
11650,서초구,ST-2663
11650,서초구,ST-2664
11650,서초구,ST-2665
11650,서초구,ST-2666
11650,서초구,ST-2667
11650,서초구,ST-2668
11650,서초구,ST-2669
11650,서초구,ST-2853
11650,서초구,ST-2875
11650,서초구,ST-2934
11650,서초구,ST-2962
11650,서초구,ST-3009
11650,서초구,ST-3010
11650,서초구,ST-3086
11650,서초구,ST-3144
11650,서초구,ST-3156
11650,서초구,ST-3157
11650,서초구,ST-3180
11650,서초구,ST-3181
11650,서초구,ST-3216
11650,서초구,ST-3217
11650,서초구,ST-3220
11650,서초구,ST-3221
11650,서초구,ST-3257
11650,서초구,ST-3298
11650,서초구,ST-3310
11650,서초구,ST-3332
11650,서초구,ST-3350
11650,서초구,ST-3360
11650,서초구,ST-3361
11650,서초구,ST-484
11650,서초구,ST-598
11650,서초구,ST-741
11650,서초구,ST-742
11650,서초구,ST-743
11650,서초구,ST-744
11650,서초구,ST-745
11650,서초구,ST-746
11650,서초구,ST-747
11650,서초구,ST-748
11650,서초구,ST-749
11650,서초구,ST-750
11650,서초구,ST-751
11650,서초구,ST-752
11650,서초구,ST-754
11650,서초구,ST-755
11650,서초구,ST-756
11650,서초구,ST-757
11650,서초구,ST-758
11650,서초구,ST-759
11650,서초구,ST-761
11650,서초구,ST-762
11650,서초구,ST-763
11650,서초구,ST-764
11650,서초구,ST-765
11650,서초구,ST-767
11650,서초구,ST-768
11650,서초구,ST-769
11650,서초구,ST-770
11650,서초구,ST-771
11650,서초구,ST-772
11650,서초구,ST-773
11650,서초구,ST-774
11650,서초구,ST-776
11650,서초구,ST-780
11650,서초구,ST-781
11650,서초구,ST-879
11650,서초구,ST-880
11650,서초구,ST-881
11650,서초구,ST-889
11650,서초구,ST-890
11650,서초구,ST-925
11650,서초구,ST-926
11650,서초구,ST-927
11650,서초구,ST-928
11650,서초구,ST-929
11650,서초구,ST-935
11650,서초구,ST-949
11650,서초구,ST-969
11680,강남구,ST-1170
11680,강남구,ST-1171
11680,강남구,ST-1172
11680,강남구,ST-1173
11680,강남구,ST-1174
11680,강남구,ST-1176
11680,강남구,ST-1177
11680,강남구,ST-1178
11680,강남구,ST-1179
11680,강남구,ST-1180
11680,강남구,ST-1181
11680,강남구,ST-1182
11680,강남구,ST-1184
11680,강남구,ST-1185
11680,강남구,ST-1186
11680,강남구,ST-1187
11680,강남구,ST-1244
11680,강남구,ST-1245
11680,강남구,ST-1246
11680,강남구,ST-1247
11680,강남구,ST-1248
11680,강남구,ST-1364
11680,강남구,ST-1365
11680,강남구,ST-1366
11680,강남구,ST-1407
11680,강남구,ST-1433
11680,강남구,ST-1559
11680,강남구,ST-1560
11680,강남구,ST-1561
11680,강남구,ST-1562
11680,강남구,ST-1563
11680,강남구,ST-1564
11680,강남구,ST-1565
11680,강남구,ST-1566
11680,강남구,ST-1567
11680,강남구,ST-1568
11680,강남구,ST-1569
11680,강남구,ST-1570
11680,강남구,ST-1571
11680,강남구,ST-1572
11680,강남구,ST-1573
11680,강남구,ST-1574
11680,강남구,ST-1575
11680,강남구,ST-1576
11680,강남구,ST-1577
11680,강남구,ST-1578
11680,강남구,ST-1654
11680,강남구,ST-1679
11680,강남구,ST-1680
11680,강남구,ST-1703
11680,강남구,ST-1704
11680,강남구,ST-1879
11680,강남구,ST-1880
11680,강남구,ST-1881
11680,강남구,ST-1882
11680,강남구,ST-1883
11680,강남구,ST-1884
11680,강남구,ST-1885
11680,강남구,ST-1886
11680,강남구,ST-1887
11680,강남구,ST-1888
11680,강남구,ST-1889
11680,강남구,ST-1890
11680,강남구,ST-1891
11680,강남구,ST-1892
11680,강남구,ST-1893
11680,강남구,ST-1894
11680,강남구,ST-1895
11680,강남구,ST-1896
11680,강남구,ST-1897
11680,강남구,ST-1898
11680,강남구,ST-2474
11680,강남구,ST-2670
11680,강남구,ST-2671
11680,강남구,ST-2672
11680,강남구,ST-2673
11680,강남구,ST-2674
11680,강남구,ST-2675
11680,강남구,ST-2676
11680,강남구,ST-2677
11680,강남구,ST-2678
11680,강남구,ST-2679
11680,강남구,ST-2680
11680,강남구,ST-2681
11680,강남구,ST-2682
11680,강남구,ST-2683
11680,강남구,ST-2684
11680,강남구,ST-2685
11680,강남구,ST-2686
11680,강남구,ST-2687
11680,강남구,ST-2688
11680,강남구,ST-2689
11680,강남구,ST-2690
11680,강남구,ST-2691
11680,강남구,ST-2788
11680,강남구,ST-2837
11680,강남구,ST-2838
11680,강남구,ST-2839
11680,강남구,ST-2847
11680,강남구,ST-2867
11680,강남구,ST-2868
11680,강남구,ST-2869
11680,강남구,ST-2870
11680,강남구,ST-2882
11680,강남구,ST-2907
11680,강남구,ST-2925
11680,강남구,ST-2926
11680,강남구,ST-2927
11680,강남구,ST-2963
11680,강남구,ST-3049
11680,강남구,ST-3057
11680,강남구,ST-3066
11680,강남구,ST-3077
11680,강남구,ST-3078
11680,강남구,ST-3079
11680,강남구,ST-3096
11680,강남구,ST-3108
11680,강남구,ST-3109
11680,강남구,ST-3111
11680,강남구,ST-3112
11680,강남구,ST-3115
11680,강남구,ST-3164
11680,강남구,ST-3178
11680,강남구,ST-3179
11680,강남구,ST-3185
11680,강남구,ST-3207
11680,강남구,ST-3208
11680,강남구,ST-3240
11680,강남구,ST-3243
11680,강남구,ST-3245
11680,강남구,ST-3254
11680,강남구,ST-3268
11680,강남구,ST-3294
11680,강남구,ST-3296
11680,강남구,ST-3302
11680,강남구,ST-3307
11680,강남구,ST-3348
11680,강남구,ST-3364
11680,강남구,ST-766
11680,강남구,ST-775
11680,강남구,ST-777
11680,강남구,ST-778
11680,강남구,ST-779
11680,강남구,ST-782
11680,강남구,ST-783
11680,강남구,ST-784
11680,강남구,ST-785
11680,강남구,ST-786
11680,강남구,ST-787
11680,강남구,ST-788
11680,강남구,ST-789
11680,강남구,ST-790
11680,강남구,ST-791
11680,강남구,ST-792
11680,강남구,ST-793
11680,강남구,ST-794
11680,강남구,ST-795
11680,강남구,ST-796
11680,강남구,ST-797
11680,강남구,ST-798
11680,강남구,ST-799
11680,강남구,ST-800
11680,강남구,ST-801
11680,강남구,ST-802
11680,강남구,ST-803
11680,강남구,ST-804
11680,강남구,ST-805
11680,강남구,ST-806
11680,강남구,ST-807
11680,강남구,ST-808
11680,강남구,ST-809
11680,강남구,ST-810
11680,강남구,ST-811
11680,강남구,ST-812
11680,강남구,ST-813
11680,강남구,ST-814
11680,강남구,ST-815
11680,강남구,ST-816
11680,강남구,ST-817
11680,강남구,ST-818
11680,강남구,ST-819
11680,강남구,ST-820
11680,강남구,ST-821
11680,강남구,ST-822
11680,강남구,ST-823
11680,강남구,ST-937
11680,강남구,ST-953
11680,강남구,ST-954
11680,강남구,ST-955
11680,강남구,ST-956
11680,강남구,ST-957
11680,강남구,ST-958
11680,강남구,ST-959
11680,강남구,ST-960
11680,강남구,ST-961
11680,강남구,ST-962
11680,강남구,ST-963
11680,강남구,ST-966
11710,송파구,ST-1070
11710,송파구,ST-1072
11710,송파구,ST-1073
11710,송파구,ST-1074
11710,송파구,ST-1075
11710,송파구,ST-1076
11710,송파구,ST-1077
11710,송파구,ST-1078
11710,송파구,ST-1079
11710,송파구,ST-1080
11710,송파구,ST-1081
11710,송파구,ST-1082
11710,송파구,ST-1083
11710,송파구,ST-1084
11710,송파구,ST-1085
11710,송파구,ST-1086
11710,송파구,ST-1087
11710,송파구,ST-1088
11710,송파구,ST-1089
11710,송파구,ST-1090
11710,송파구,ST-1091
11710,송파구,ST-1092
11710,송파구,ST-1367
11710,송파구,ST-1408
11710,송파구,ST-1409
11710,송파구,ST-1410
11710,송파구,ST-1411
11710,송파구,ST-1412
11710,송파구,ST-1413
11710,송파구,ST-1414
11710,송파구,ST-1415
11710,송파구,ST-1416
11710,송파구,ST-1417
11710,송파구,ST-1418
11710,송파구,ST-1419
11710,송파구,ST-1422
11710,송파구,ST-1579
11710,송파구,ST-1580
11710,송파구,ST-1581
11710,송파구,ST-1582
11710,송파구,ST-1583
11710,송파구,ST-1584
11710,송파구,ST-1585
11710,송파구,ST-1586
11710,송파구,ST-1587
11710,송파구,ST-1588
11710,송파구,ST-1589
11710,송파구,ST-1590
11710,송파구,ST-1591
11710,송파구,ST-1592
11710,송파구,ST-1627
11710,송파구,ST-1656
11710,송파구,ST-1657
11710,송파구,ST-1658
11710,송파구,ST-1681
11710,송파구,ST-1682
11710,송파구,ST-1683
11710,송파구,ST-1684
11710,송파구,ST-1685
11710,송파구,ST-1705
11710,송파구,ST-1706
11710,송파구,ST-1707
11710,송파구,ST-1716
11710,송파구,ST-1717
11710,송파구,ST-1719
11710,송파구,ST-1720
11710,송파구,ST-1728
11710,송파구,ST-1729
11710,송파구,ST-1730
11710,송파구,ST-1793
11710,송파구,ST-1795
11710,송파구,ST-1851
11710,송파구,ST-1852
11710,송파구,ST-1853
11710,송파구,ST-1854
11710,송파구,ST-1855
11710,송파구,ST-1856
11710,송파구,ST-1857
11710,송파구,ST-1858
11710,송파구,ST-1859
11710,송파구,ST-1860
11710,송파구,ST-1861
11710,송파구,ST-1862
11710,송파구,ST-1863
11710,송파구,ST-1864
11710,송파구,ST-1865
11710,송파구,ST-1866
11710,송파구,ST-1867
11710,송파구,ST-1868
11710,송파구,ST-1869
11710,송파구,ST-1870
11710,송파구,ST-1871
11710,송파구,ST-1872
11710,송파구,ST-1873
11710,송파구,ST-1874
11710,송파구,ST-1875
11710,송파구,ST-1876
11710,송파구,ST-1877
11710,송파구,ST-1878
11710,송파구,ST-2409
11710,송파구,ST-2410
11710,송파구,ST-2571
11710,송파구,ST-2572
11710,송파구,ST-2573
11710,송파구,ST-2574
11710,송파구,ST-2575
11710,송파구,ST-2576
11710,송파구,ST-2577
11710,송파구,ST-2578
11710,송파구,ST-2579
11710,송파구,ST-2580
11710,송파구,ST-2581
11710,송파구,ST-2582
11710,송파구,ST-2583
11710,송파구,ST-2584
11710,송파구,ST-2585
11710,송파구,ST-2586
11710,송파구,ST-2587
11710,송파구,ST-2588
11710,송파구,ST-2589
11710,송파구,ST-2590
11710,송파구,ST-2591
11710,송파구,ST-2592
11710,송파구,ST-2593
11710,송파구,ST-2594
11710,송파구,ST-2595
11710,송파구,ST-2596
11710,송파구,ST-2597
11710,송파구,ST-2598
11710,송파구,ST-2599
11710,송파구,ST-2600
11710,송파구,ST-2601
11710,송파구,ST-2602
11710,송파구,ST-2603
11710,송파구,ST-2604
11710,송파구,ST-2605
11710,송파구,ST-2606
11710,송파구,ST-2607
11710,송파구,ST-2608
11710,송파구,ST-2609
11710,송파구,ST-2619
11710,송파구,ST-2620
11710,송파구,ST-2621
11710,송파구,ST-2728
11710,송파구,ST-2755
11710,송파구,ST-2756
11710,송파구,ST-2757
11710,송파구,ST-2796
11710,송파구,ST-2797
11710,송파구,ST-2798
11710,송파구,ST-2833
11710,송파구,ST-2850
11710,송파구,ST-2876
11710,송파구,ST-2877
11710,송파구,ST-2878
11710,송파구,ST-2915
11710,송파구,ST-2916
11710,송파구,ST-2917
11710,송파구,ST-2918
11710,송파구,ST-2919
11710,송파구,ST-2936
11710,송파구,ST-2937
11710,송파구,ST-2938
11710,송파구,ST-2939
11710,송파구,ST-2940
11710,송파구,ST-2941
11710,송파구,ST-2957
11710,송파구,ST-2972
11710,송파구,ST-2973
11710,송파구,ST-2984
11710,송파구,ST-2985
11710,송파구,ST-2986
11710,송파구,ST-2987
11710,송파구,ST-2988
11710,송파구,ST-2989
11710,송파구,ST-2991
11710,송파구,ST-3004
11710,송파구,ST-3005
11710,송파구,ST-3069
11710,송파구,ST-3070
11710,송파구,ST-3071
11710,송파구,ST-3131
11710,송파구,ST-3132
11710,송파구,ST-3133
11710,송파구,ST-3141
11710,송파구,ST-3148
11710,송파구,ST-3150
11710,송파구,ST-3151
11710,송파구,ST-3153
11710,송파구,ST-3162
11710,송파구,ST-3214
11710,송파구,ST-3229
11710,송파구,ST-3230
11710,송파구,ST-3231
11710,송파구,ST-3232
11710,송파구,ST-3242
11710,송파구,ST-3246
11710,송파구,ST-3247
11710,송파구,ST-3273
11710,송파구,ST-3285
11710,송파구,ST-3295
11710,송파구,ST-3300
11710,송파구,ST-3343
11710,송파구,ST-539
11710,송파구,ST-540
11710,송파구,ST-541
11710,송파구,ST-542
11710,송파구,ST-543
11710,송파구,ST-544
11710,송파구,ST-545
11710,송파구,ST-546
11710,송파구,ST-547
11710,송파구,ST-548
11710,송파구,ST-549
11710,송파구,ST-550
11710,송파구,ST-551
11710,송파구,ST-552
11710,송파구,ST-553
11710,송파구,ST-737
11710,송파구,ST-738
11710,송파구,ST-739
11710,송파구,ST-740
11710,송파구,ST-838
11710,송파구,ST-839
11710,송파구,ST-840
11710,송파구,ST-891
11710,송파구,ST-892
11710,송파구,ST-893
11710,송파구,ST-894
11710,송파구,ST-895
11710,송파구,ST-896
11710,송파구,ST-897
11710,송파구,ST-898
11710,송파구,ST-899
11710,송파구,ST-900
11710,송파구,ST-901
11710,송파구,ST-902
11710,송파구,ST-903
11710,송파구,ST-904
11710,송파구,ST-905
11710,송파구,ST-906
11710,송파구,ST-907
11710,송파구,ST-908
11710,송파구,ST-909
11710,송파구,ST-930
11710,송파구,ST-933
11710,송파구,ST-981
11740,강동구,ST-1040
11740,강동구,ST-1041
11740,강동구,ST-1042
11740,강동구,ST-1043
11740,강동구,ST-1044
11740,강동구,ST-1045
11740,강동구,ST-1046
11740,강동구,ST-1047
11740,강동구,ST-1048
11740,강동구,ST-1049
11740,강동구,ST-1050
11740,강동구,ST-1051
11740,강동구,ST-1052
11740,강동구,ST-1053
11740,강동구,ST-1054
11740,강동구,ST-1055
11740,강동구,ST-1056
11740,강동구,ST-1057
11740,강동구,ST-1058
11740,강동구,ST-1059
11740,강동구,ST-1060
11740,강동구,ST-1061
11740,강동구,ST-1368
11740,강동구,ST-1369
11740,강동구,ST-1370
11740,강동구,ST-1371
11740,강동구,ST-1420
11740,강동구,ST-1421
11740,강동구,ST-1593
11740,강동구,ST-1594
11740,강동구,ST-1595
11740,강동구,ST-1596
11740,강동구,ST-1597
11740,강동구,ST-1598
11740,강동구,ST-1620
11740,강동구,ST-1621
11740,강동구,ST-1622
11740,강동구,ST-1623
11740,강동구,ST-1626
11740,강동구,ST-1686
11740,강동구,ST-1687
11740,강동구,ST-1762
11740,강동구,ST-1763
11740,강동구,ST-1764
11740,강동구,ST-1765
11740,강동구,ST-1766
11740,강동구,ST-1767
11740,강동구,ST-1830
11740,강동구,ST-1831
11740,강동구,ST-1832
11740,강동구,ST-1833
11740,강동구,ST-1834
11740,강동구,ST-1835
11740,강동구,ST-1836
11740,강동구,ST-1837
11740,강동구,ST-1838
11740,강동구,ST-1839
11740,강동구,ST-1840
11740,강동구,ST-1841
11740,강동구,ST-1842
11740,강동구,ST-1843
11740,강동구,ST-1844
11740,강동구,ST-1845
11740,강동구,ST-1846
11740,강동구,ST-1847
11740,강동구,ST-1848
11740,강동구,ST-1849
11740,강동구,ST-1850
11740,강동구,ST-2413
11740,강동구,ST-2424
11740,강동구,ST-2457
11740,강동구,ST-2567
11740,강동구,ST-2568
11740,강동구,ST-2696
11740,강동구,ST-2697
11740,강동구,ST-2732
11740,강동구,ST-2733
11740,강동구,ST-2734
11740,강동구,ST-2735
11740,강동구,ST-2736
11740,강동구,ST-2737
11740,강동구,ST-2738
11740,강동구,ST-2739
11740,강동구,ST-2740
11740,강동구,ST-2741
11740,강동구,ST-2742
11740,강동구,ST-2743
11740,강동구,ST-2744
11740,강동구,ST-2745
11740,강동구,ST-2746
11740,강동구,ST-2747
11740,강동구,ST-2748
11740,강동구,ST-2749
11740,강동구,ST-2750
11740,강동구,ST-2751
11740,강동구,ST-2802
11740,강동구,ST-2840
11740,강동구,ST-2841
11740,강동구,ST-2854
11740,강동구,ST-2862
11740,강동구,ST-2908
11740,강동구,ST-2909
11740,강동구,ST-2928
11740,강동구,ST-2929
11740,강동구,ST-2966
11740,강동구,ST-3085
11740,강동구,ST-3087
11740,강동구,ST-3098
11740,강동구,ST-3147
11740,강동구,ST-3154
11740,강동구,ST-3248
11740,강동구,ST-3312
11740,강동구,ST-3329
11740,강동구,ST-3335
11740,강동구,ST-3336
11740,강동구,ST-3352
11740,강동구,ST-3358
11740,강동구,ST-3366
11740,강동구,ST-485
11740,강동구,ST-486
11740,강동구,ST-487
11740,강동구,ST-488
11740,강동구,ST-489
11740,강동구,ST-490
11740,강동구,ST-491
11740,강동구,ST-492
11740,강동구,ST-493
11740,강동구,ST-494
11740,강동구,ST-495
11740,강동구,ST-496
11740,강동구,ST-497
11740,강동구,ST-498
11740,강동구,ST-499
11740,강동구,ST-500
11740,강동구,ST-501
11740,강동구,ST-502
11740,강동구,ST-503
11740,강동구,ST-504
11740,강동구,ST-505
11740,강동구,ST-830
